Date,Open,High,Low,Close,Adj Close,Volume,RSI,RSIflag,fastk,fastd,StochRSIflag,macd,macdsignal,macdhist,MACDflag,EMA_fast,EMA_medium,EMA_slow,ap,esa,dval,d,ci,tci,wt1,wt2,CipherFlag
2022-01-03,178.32000732421875,179.08999633789062,175.83999633789062,177.74000549316406,172.50677490234375,1930700,,neutral,,,neutral,,,,neutral,,,,177.5566660563151,,,,,,,,neutral
2022-01-04,178.47999572753906,181.25999450683594,178.02999877929688,180.22999572753906,174.92344665527344,2522200,,neutral,,,neutral,,,,neutral,,,,179.83999633789062,,,,,,,,neutral
2022-01-05,177.1300048828125,181.77999877929688,177.0,179.49000549316406,174.20526123046875,2952400,,neutral,,,neutral,,,,neutral,,,,179.42333475748697,,,,,,,,neutral
2022-01-06,180.8800048828125,181.27999877929688,177.5399932861328,178.0,172.75909423828125,2505400,,neutral,,,neutral,,,,neutral,,,,178.93999735514322,,,,,,,,neutral
2022-01-07,178.1300048828125,180.49000549316406,177.22000122070312,179.9499969482422,174.65170288085938,2800200,,neutral,,,neutral,,,,neutral,,,,179.22000122070312,,,,,,,,neutral
2022-01-10,179.4499969482422,179.8300018310547,176.77999877929688,177.41000366210938,172.18649291992188,2318000,,neutral,,,neutral,,,,neutral,,,,178.0066680908203,,,,,,,,neutral
2022-01-11,178.0,179.5500030517578,176.4199981689453,178.97999572753906,173.71026611328125,2264200,,neutral,,,neutral,,,,neutral,,,,178.31666564941406,,,,,,,,neutral
2022-01-12,179.0,180.00999450683594,178.58999633789062,179.4199981689453,174.1372833251953,1728500,,neutral,,,neutral,,,,neutral,,,,179.33999633789062,,,,,,,,neutral
2022-01-13,179.8800048828125,181.33999633789062,179.02999877929688,181.02000427246094,175.69020080566406,2094700,,neutral,,,neutral,,,,neutral,,,,180.4633331298828,,,,,,,,neutral
2022-01-14,180.86000061035156,180.86000061035156,177.6699981689453,178.74000549316406,173.47732543945312,2286100,,neutral,,,neutral,,,,neutral,,,,179.09000142415366,178.9502582773409,0.1397431468127479,,,,,,neutral
2022-01-18,178.17999267578125,178.5500030517578,176.1699981689453,178.27999877929688,173.0308837890625,2410600,,neutral,,,neutral,,,,neutral,,,,177.66666666666666,178.71687798449105,1.0502113178243917,,,,,,neutral
2022-01-19,179.8300018310547,180.8699951171875,177.6300048828125,178.47999572753906,173.2249755859375,1968600,,neutral,,,neutral,,,,neutral,,,,178.9933319091797,178.76714233443442,0.2261895747452627,,,,,,neutral
2022-01-20,178.5800018310547,179.22000122070312,173.30999755859375,173.57000732421875,168.4595489501953,2817300,,neutral,,,neutral,,,,neutral,,,,175.36666870117188,178.14887440111397,2.7822056999420965,,,,,,neutral
2022-01-21,173.39999389648438,176.02000427246094,172.55999755859375,172.64999389648438,167.56663513183594,3479100,31.152545835104917,neutral,,,neutral,,,,neutral,,,,173.7433319091797,177.34786667530773,3.6045347661280402,,,,,,neutral
2022-01-24,171.86000061035156,173.2100067138672,168.8300018310547,172.8000030517578,167.71221923828125,4711700,31.911036511082557,neutral,,,neutral,,,,neutral,,,,171.61333719889322,176.30522495232327,4.691887753430052,,,,,,neutral
2022-01-25,173.52999877929688,174.55999755859375,168.00999450683594,173.75,168.63424682617188,5051100,36.66947619753979,neutral,,,neutral,,,,neutral,,,,172.1066640218099,175.54185023768446,3.435186215874552,,,,,,neutral
2022-01-26,174.27999877929688,175.25,168.1999969482422,169.3000030517578,164.3152618408203,4410000,27.111538496189752,oversold,,,neutral,,,,neutral,,,,170.91666666666666,174.70090777022665,3.7842411035599923,,,,,,neutral
2022-01-27,169.10000610351562,172.1199951171875,168.44000244140625,170.16000366210938,165.14996337890625,2782800,30.862125486213642,neutral,,,neutral,,,,neutral,,,,170.24000040690103,173.88983370416744,3.6498332972664116,,,,,,neutral
2022-01-28,168.38999938964844,168.75,160.5399932861328,163.10000610351562,158.2978057861328,6221600,21.21231167689031,oversold,0.0,10.692142134912679,neutral,,,,neutral,,,,164.12999979654947,172.1153184482369,7.985318651687436,3.6432260333870854,-146.121753605344,,,,neutral
2022-01-31,162.6999969482422,166.2899932861328,161.58999633789062,166.02000427246094,161.1318359375,5090400,30.843674089667203,neutral,80.63076299596656,37.5690631335682,neutral,,,,neutral,173.55858225749796,,,164.63333129882812,170.75495714834437,6.121625849516249,4.093844181774206,-99.68830562351359,,,,neutral
2022-02-01,165.58999633789062,167.9600067138672,164.75999450683594,167.42999267578125,162.5003204345703,2987900,34.97712853961261,neutral,100.0,60.21025433198886,neutral,,,,neutral,172.97490705923923,,,166.71666463216147,170.02072214540203,3.304057513240565,3.9502466056771803,-55.76120249458298,,,,neutral
2022-02-02,167.8000030517578,169.25,165.8000030517578,166.66000366210938,161.75302124023438,3191300,33.78940474766675,neutral,67.13184449631414,82.58753583076025,neutral,,,,neutral,172.373487688084,,,167.2366689046224,169.51453064707846,2.2778617424560537,3.646176630546066,-41.6484073275209,,,,neutral
2022-02-03,166.25999450683594,166.72999572753906,164.10000610351562,164.38999938964844,159.54983520507812,2608700,30.50108923467873,neutral,0.0,55.71061483210472,neutral,,,,neutral,171.6131554691854,,,165.07333374023438,168.70704030037953,3.633706560145157,3.6439093450186277,-66.48000295090732,,,,neutral
2022-02-04,163.7899932861328,164.74000549316406,160.10000610351562,160.72999572753906,155.99757385253906,4046500,26.09207859385222,oversold,0.0,22.377281498771385,neutral,,,,neutral,170.57666406521906,,,161.8566691080729,167.4615182654147,5.604849157341789,4.0004438563501115,-93.40378815623875,,,,neutral
2022-02-07,160.75,162.30999755859375,160.00999450683594,161.1699981689453,156.4246368408203,2441100,27.449836815877447,oversold,26.72251143616422,8.907503812054744,neutral,,,,neutral,169.68079112271678,,,161.163330078125,166.31639314045293,5.153063062327931,4.210010984709715,-81.60015228849005,,,,neutral
2022-02-08,161.42999267578125,163.11000061035156,160.32000732421875,162.41000366210938,157.6281280517578,2373900,31.281257696023033,neutral,100.0,42.24083714538808,neutral,,,,neutral,168.9883351740875,,,161.94667053222656,165.5218981207754,3.5752275885488416,4.0945958217713745,-58.210508748124376,,,,neutral
2022-02-09,163.5500030517578,164.25999450683594,161.92999267578125,163.63999938964844,158.82191467285156,2143600,34.95092962395262,neutral,100.0,75.57417047872141,neutral,,,,neutral,168.47896986128376,,,163.27666219075522,165.11367340622627,1.8370112154710512,3.6841258933531336,-33.24191895442318,,,,neutral
2022-02-10,162.00999450683594,162.7899932861328,159.02000427246094,159.74000549316406,155.03675842285156,3633200,29.560652840334612,oversold,0.0,66.66666666666667,neutral,,,,neutral,167.64668754051047,,,160.51666768391928,164.2778541839886,3.7611865000693285,3.6981369127560777,-67.80326758762901,,,,neutral
2022-02-11,160.16000366210938,161.60000610351562,158.8000030517578,159.5399932861328,154.84262084960938,3632700,29.310986481281304,oversold,0.0,33.33333333333334,neutral,,,,neutral,166.87462142104593,,,159.9800008138021,163.49642629850015,3.516425484698061,3.6650984712909835,-63.96236485399615,,,,neutral
2022-02-14,159.35000610351562,159.58999633789062,155.36000061035156,158.00999450683594,153.35768127441406,4634400,27.404280715201878,oversold,0.0,9.473903143468002e-15,neutral,,,,neutral,166.03037123874023,,,157.65333048502603,162.43404524150486,4.7807147564788295,3.867937795870592,-82.39902860869371,,,,neutral
2022-02-15,158.72000122070312,159.0800018310547,156.25,157.33999633789062,152.7073974609375,3335800,26.588607770919296,oversold,0.0,9.473903143468002e-15,neutral,,,,neutral,165.20271648627838,,,157.5566660563151,161.5472490260158,3.9905829697007107,3.890236918385159,-68.38628860607982,,,,neutral
2022-02-16,157.0,158.0,154.11000061035156,155.6300048828125,151.04776000976562,4470000,24.577906531695774,oversold,0.0,9.473903143468002e-15,neutral,,,,neutral,164.29102966690067,,,155.91333516438803,160.52290105117436,4.609565886786328,4.021024003549008,-76.4244113392984,,,,neutral
2022-02-17,150.85000610351562,151.47000122070312,148.47999572753906,148.63999938964844,145.65809631347656,6207700,18.439354704055845,oversold,0.0,9.473903143468002e-15,neutral,,,,neutral,162.8004553547814,,,149.52999877929688,158.52419154719664,8.994192767899762,4.925236506158235,-121.74295598670149,,,,neutral
2022-02-18,148.1999969482422,149.7100067138672,147.24000549316406,147.6199951171875,144.65855407714844,5018800,17.74295875085454,oversold,0.0,9.473903143468002e-15,neutral,-7.214640141487877,-6.330685806402926,-0.883954335084951,neutral,161.3546972369153,,,148.19000244140625,156.64524807341655,8.455245632010303,5.567056347222247,-101.25333874432167,,,,neutral
2022-02-22,148.1999969482422,148.50999450683594,145.8800048828125,146.75,143.80601501464844,4509100,17.14808387539746,oversold,0.0,9.473903143468002e-15,neutral,-7.542974150200422,-6.573143475162425,-0.969830675037997,neutral,159.96377369054244,,,147.04666646321616,154.90005141701647,7.853384953800315,5.982752457509169,-87.51139222932133,,,,neutral
2022-02-23,146.75,147.3300018310547,144.1300048828125,144.3800048828125,141.4835662841797,3846600,15.612455536901749,oversold,0.0,9.473903143468002e-15,neutral,-7.903315515090469,-6.839177883148034,-1.064137631942435,neutral,158.4796052326634,,,145.2800038655599,153.15095186220617,7.870947996646265,6.326060737352277,-82.94733298161566,,,,neutral
2022-02-24,142.10000610351562,143.88999938964844,139.74000549316406,143.6999969482422,140.81719970703125,6107100,15.192078554245143,oversold,0.0,9.473903143468002e-15,neutral,-8.149813621792362,-7.101305030876899,-1.0485085909154623,neutral,157.07202349128994,,,142.4433339436849,151.20411224065685,8.76077829697195,6.768736657283126,-86.28669071300916,,,,neutral
2022-02-25,144.41000366210938,151.75999450683594,144.35000610351562,150.50999450683594,147.49057006835938,6732700,34.27742146672986,neutral,100.0,33.33333333333334,neutral,-7.706815881664795,-7.222407201034478,-0.4844086806303167,neutral,156.44706834991337,,,148.87333170572916,150.7803339615791,1.9070022558499318,5.884784947931636,-21.603760349477717,,,,neutral
2022-02-28,149.2899932861328,149.6300048828125,146.75,148.64999389648438,145.6678924560547,4215300,32.14934839090117,neutral,88.29590893609135,62.76530297869713,neutral,-7.420287035591031,-7.261983167945789,-0.15830386764524196,neutral,155.70448983053916,,,148.34333292643228,150.33724286427966,1.993909937847377,5.177353127916316,-25.67476583219334,-80.36887528386673,-80.36887528386673,,neutral
2022-03-01,148.5800018310547,149.02000427246094,144.14999389648438,144.75,141.84613037109375,3313900,28.196508284296215,oversold,0.0,62.76530297869713,neutral,-7.422347572026695,-7.29405604876197,-0.12829152326472482,neutral,154.6612050847735,,,145.97333272298178,149.54380465677096,3.570471933789179,4.8851929108022905,-48.72508959191138,-77.49216749368897,-77.49216749368897,,neutral
2022-03-02,145.61000061035156,148.3699951171875,144.9199981689453,147.22000122070312,144.26658630371094,3734600,33.752062122952125,neutral,100.0,62.76530297869713,neutral,-7.1423396604939455,-7.263712771108365,0.12137311061441913,neutral,153.9525190024811,,,146.83666483561197,149.05159741656024,2.214932580948272,4.399691032647014,-33.56194127440335,-73.498510564663,-73.498510564663,,neutral
2022-03-03,148.52000427246094,149.99000549316406,147.52000427246094,148.3000030517578,145.3249053955078,3804200,36.08082342492142,neutral,99.99999999999999,66.66666666666667,neutral,-6.755412066240353,-7.162052630134762,0.40664056389440884,neutral,153.41418415003128,,,148.60333760579428,148.9700956327846,0.36675802699031124,3.6664304861639767,-6.668757317220796,-67.42307845125914,-67.42307845125914,-74.69565794836946,neutral
2022-03-04,146.16000366210938,147.69000244140625,145.74000549316406,146.72999572753906,143.78640747070312,3235200,34.19879866917634,neutral,17.2448268720097,72.41494229066991,neutral,-6.500521662802811,-7.029746436668372,0.5292247738655611,neutral,152.77759477646057,,,146.72000122070312,148.56098755786067,1.8409863371575454,3.3345315499809893,-36.80649609624159,-64.63975278262117,-64.63975278262117,-70.76337732305808,neutral
2022-03-07,145.74000549316406,145.74000549316406,142.57000732421875,143.27999877929688,140.40562438964844,4554000,30.441184732809518,neutral,0.0,39.08160895733658,neutral,-6.5019546170884155,-6.924188072752381,0.42223345566396553,neutral,151.87306182434975,,,143.86333719889322,147.7068693107757,3.8435321118824675,3.4270771066903487,-74.76793376643738,-65.56049650842264,-65.56049650842264,-67.78045957674149,neutral
2022-03-08,145.24000549316406,149.47000122070312,143.25999450683594,145.39999389648438,142.48309326171875,4605300,35.1560734391003,neutral,100.0,39.08160895733658,neutral,-6.259864533552616,-6.791323364912428,0.5314588313598119,neutral,151.25657916455305,,,146.04332987467447,147.40440759512092,1.3610777204464455,3.0514408546460023,-29.736284928569024,-62.30375000116322,-62.30375000116322,-64.98176943586655,neutral
2022-03-09,147.86000061035156,149.25999450683594,146.49000549316406,146.60000610351562,143.65902709960938,3337300,37.72907513230541,neutral,100.0,66.66666666666669,neutral,-5.903127858614056,-6.613684263652753,0.7105564050386972,neutral,150.81309601588282,,,147.45000203450522,147.41269749319076,0.037304541314455264,2.503416070403903,0.9934303172234711,-56.549460881309884,-56.549460881309884,-62.26336504337923,neutral
2022-03-10,145.33999633789062,145.9600067138672,143.3300018310547,143.92999267578125,141.04258728027344,3794000,34.4533001668953,neutral,0.0,66.66666666666669,neutral,-5.769353724522915,-6.444818155826786,0.6754644313038707,neutral,150.15756236444457,,,144.40666707356772,146.86614650780476,2.459479434237039,2.4954275911008366,-65.70629266123916,-57.38190013403072,-57.38190013403072,-60.44890188123162,neutral
2022-03-11,143.47000122070312,144.47999572753906,140.8300018310547,140.9600067138672,138.13217163085938,4149400,31.207495019866244,neutral,0.0,33.33333333333335,neutral,-5.8357192662905675,-6.322998377919542,0.4872791116289745,neutral,149.28160468343722,,,142.09000142415366,145.99775649259544,3.907755068441787,2.7522144051628272,-94.65723457957596,-60.770566901807555,-60.770566901807555,-59.25141947957784,Sell Signal
2022-03-14,141.4499969482422,145.2899932861328,141.4499969482422,143.47999572753906,140.6016082763672,3910100,36.660029351079686,neutral,100.0,33.33333333333335,neutral,-5.620186373236777,-6.182435976982989,0.5622496037462117,neutral,148.72907049716122,,,143.4066619873047,145.52664840072438,2.1199864134196957,2.6372638612095303,-53.59055255718465,-60.117838325023655,-60.117838325023655,-58.704941560542956,neutral
2022-03-15,144.8699951171875,145.47999572753906,142.58999633789062,144.30999755859375,141.4149627685547,3337300,38.39207352219272,neutral,99.99999999999999,66.66666666666669,neutral,-5.321062890751676,-6.010161359736726,0.6890984689850495,neutral,148.30820640777384,157.5645424301392,,144.1266632080078,145.27210563841226,1.1454424304044437,2.3660236010631506,-32.27475358205077,-57.58664880293521,-57.58664880293521,-58.96423854094928,Buy Signal
2022-03-16,144.75999450683594,146.27000427246094,142.83999633789062,145.50999450683594,142.59088134765625,3813800,40.90798679478447,neutral,100.0,100.00000000000001,Sell Pressure,-4.930341740332324,-5.794197435855845,0.8638556955235215,neutral,148.04171003625595,157.09181506059792,,144.87333170572916,145.19960128701533,0.32626958128616934,1.995159233830972,-10.902039822311599,-53.34259344106033,-53.34259344106033,-57.95441186770668,neutral
2022-03-17,145.30999755859375,147.7100067138672,144.14999389648438,147.69000244140625,144.72715759277344,2786700,45.27987241851807,neutral,100.0,100.00000000000001,neutral,-4.3941311833676195,-5.5141841853582,1.1200530019905806,neutral,148.00821407484167,156.72311652651197,,146.51666768391928,145.43906790463421,1.077599779285066,1.8283302420953527,39.29267461185735,-44.92120543624963,-44.92120543624963,-53.992071501317206,neutral
2022-03-18,147.07000732421875,148.4499969482422,145.22000122070312,148.32000732421875,145.34451293945312,7882100,46.51147655576146,neutral,100.0,100.00000000000001,neutral,-3.873690828331945,-5.186085513952949,1.3123946856210038,neutral,148.03790867002044,156.39358283230442,,147.3300018310547,145.78287407307428,1.5471277579804052,1.7772025177108168,58.0360704557645,-35.56145308243016,-35.56145308243016,-47.852975190668836,neutral
2022-03-21,148.69000244140625,149.74000549316406,147.39999389648438,148.5800018310547,145.59930419921875,4514900,47.0412216412687,neutral,100.0,100.00000000000001,neutral,-3.401053486054053,-4.82907910837317,1.428025622319117,neutral,148.08953659011894,156.08716789107893,,148.57333374023438,146.29023037619427,2.2831033640401017,1.8691844897706866,81.42957090055872,-24.925905447612987,-24.925905447612987,-39.687789351838276,neutral
2022-03-22,149.4499969482422,150.83999633789062,148.5,149.94000244140625,146.93202209472656,4252000,49.83972510854518,neutral,100.0,100.00000000000001,neutral,-2.8835050525484007,-4.439964297208216,1.5564592446598153,neutral,148.26577143309868,155.84610257932707,,149.75999959309897,146.92109750654058,2.8389020865583916,2.045496780095724,92.52526865138154,-14.24852598406803,-14.24852598406803,-29.914272487590203,neutral
2022-03-23,149.69000244140625,149.77999877929688,147.55999755859375,147.67999267578125,144.71734619140625,2637200,45.533698452632144,neutral,0.0,66.66666666666669,neutral,-2.6254436109907147,-4.077060159964716,1.451616548974001,neutral,148.20998298002084,155.52586297526645,,148.33999633789062,147.17907911224057,1.1609172256500528,1.8846641338328745,41.06539744702681,-9.219987490332135,-9.219987490332135,-20.988968001110827,neutral
2022-03-24,148.1199951171875,149.22999572753906,147.39999389648438,148.97999572753906,145.99127197265625,2028100,48.300670221323145,neutral,64.22865429068091,54.74288476356032,neutral,-2.28963518842221,-3.7195751656562144,1.4299399772340045,neutral,148.28331752740354,155.269162298885,,148.53666178385416,147.4259123252612,1.1107494585929487,1.7439523746983423,42.46100121799787,-4.521715789574863,-4.521715789574863,-13.229033677897004,neutral
2022-03-25,149.27000427246094,151.17999267578125,148.91000366210938,150.4600067138672,147.44158935546875,2247800,51.33195010434538,neutral,100.0,54.74288476356032,neutral,-1.8823811582877,-3.3521363641825115,1.4697552058948116,neutral,148.4906212594477,155.08056796221763,,150.18333435058594,147.92726178441114,2.256072566174794,1.8370651367849697,81.87234885324118,3.332290087044778,3.332290087044778,-6.164484794232562,neutral
2022-03-28,149.92999267578125,150.1300048828125,147.19000244140625,149.47000122070312,146.471435546875,2679900,49.25168094655411,neutral,31.331768269690468,65.1868075201238,neutral,-1.620830647998389,-3.005875220945687,1.3850445729472982,neutral,148.583895541472,154.8605457370602,,148.93000284830728,148.10957834148317,0.8204245068241107,1.6522213858829953,33.10389732812761,6.038799836234126,6.038799836234126,-1.0926533391570235,neutral
2022-03-29,151.0,152.9199981689453,150.0399932861328,152.0800018310547,149.02908325195312,2693200,54.488208422633846,neutral,100.0,77.11058942323017,neutral,-1.1892359756012354,-2.642547371876797,1.4533113962755615,neutral,148.91685804524178,154.75150479956977,,151.67999776204428,148.7587455088579,2.921252253186367,1.8829542708472444,103.42797657257799,14.892361357719931,14.892361357719931,4.935433872855993,neutral
2022-03-30,151.3300018310547,153.25999450683594,150.77000427246094,151.42999267578125,148.39212036132812,2395100,53.02086397373688,neutral,71.99214492324715,67.77463773097922,neutral,-0.889392036957446,-2.2919163048929265,1.4025242679354806,neutral,149.15620420053125,154.62124942216633,,151.81999715169272,149.31533671664604,2.5046604350466737,1.9959917552471405,83.65633870855847,21.14363202597798,21.14363202597798,11.351770826744204,neutral
2022-03-31,150.4499969482422,151.25,148.8000030517578,148.8800048828125,145.89328002929688,3193800,47.604802066347695,neutral,0.0,57.330714974415734,neutral,-0.8477538800578941,-2.00308381992592,1.1553299398680261,neutral,149.12989950360566,154.39610257748578,,149.6433359781901,149.3749729460177,0.2683630321724024,1.6818774419608242,10.637439069659766,20.188523575403597,20.188523575403597,15.56582919883391,neutral
2022-04-01,149.6300048828125,149.86000061035156,146.85000610351562,149.69000244140625,146.68702697753906,2196400,49.37385949467564,neutral,32.680916499457716,34.89102047423497,neutral,-0.7408551897210316,-1.7506380938849424,1.0097829041639108,neutral,149.18324264053905,154.21154963097288,,148.8000030517578,149.27043296524315,0.4704299134853329,1.4616142549652802,-21.45709384388873,16.40255835546793,16.40255835546793,18.15676882864236,Sell Signal
2022-04-04,149.05999755859375,150.00999450683594,146.0800018310547,149.52999877929688,146.53024291992188,2631800,49.02175610394436,neutral,80.08442623802607,37.588447579161276,neutral,-0.6614236852695967,-1.5327952121618733,0.8713715268922766,neutral,149.21626703470645,154.0279594014954,,148.53999837239584,149.13762667563452,0.5976283032386789,1.304525900105898,-30.54127701055559,12.134936958556702,12.134936958556702,17.467412728851553,neutral
2022-04-05,148.64999389648438,150.6300048828125,148.50999450683594,148.89999389648438,145.91287231445312,2148600,47.5828827945528,neutral,0.0,37.588447579161276,neutral,-0.6419102330004307,-1.3546182163295848,0.7127079833291541,neutral,149.1861457834472,153.82686271502436,,149.34666442871094,149.17563353983022,0.17103088888072193,1.098435898064957,10.380268233040328,11.975421619873396,11.975421619873396,15.175360127325407,neutral
2022-04-06,147.3300018310547,150.38999938964844,147.0500030517578,150.3000030517578,147.2847900390625,2705500,51.02317967644629,neutral,100.00000000000001,60.02814207934205,neutral,-0.507625057348946,-1.185219584533457,0.677594527184511,neutral,149.2922274280482,153.68855449293548,,149.24666849772134,149.18854898671952,0.05811951100182,0.9092874640534774,4.261176162613547,11.274126578304319,11.274126578304319,12.946760878050586,neutral
2022-04-07,149.38999938964844,150.47000122070312,147.55999755859375,149.9499969482422,146.9418182373047,2199000,50.137222989441184,neutral,74.23807302233182,58.07935767411063,neutral,-0.42455168801814125,-1.0330860052303938,0.6085343172122526,neutral,149.35487214425714,153.54194439314358,,149.32666524251303,149.21366103322742,0.11300420928560584,0.7645086904593189,9.854190078398595,11.145041441949251,11.145041441949251,11.632381649670917,neutral
2022-04-08,151.0,151.64999389648438,149.3800048828125,149.80999755859375,146.8046112060547,2790500,49.764999154059744,neutral,0.0,58.07935767411063,neutral,-0.36579556149993664,-0.8996279164843024,0.5338323549843658,neutral,149.398217421813,153.39559353688674,,150.27999877929688,149.40754062342185,0.8724581558750231,0.7841358659894468,74.17576415146104,16.87510714281396,16.87510714281396,12.817424195735232,Buy Signal
2022-04-11,150.4499969482422,152.22000122070312,149.9600067138672,150.1199951171875,147.1083984375,2478800,50.638867155728036,neutral,100.0,58.07935767411063,neutral,-0.2908637988813041,-0.7778750929637027,0.4870112940823986,neutral,149.46695815470582,153.26713869689854,,150.76666768391928,149.65465463442138,1.1120130494979037,0.8437498993546207,87.86276994707205,23.32853103411015,23.32853103411015,15.65570154929442,neutral
2022-04-12,151.33999633789062,151.52999877929688,148.08999633789062,148.5800018310547,145.59930419921875,2612900,46.327422653384126,neutral,0.0,33.33333333333336,neutral,-0.351690357559562,-0.6926381458828745,0.3409477883233125,neutral,149.3824861238819,153.08332940804192,,149.3999989827474,149.60835360684428,0.2083546240968701,0.7282234856713933,-19.074238261237017,19.473733825442224,19.473733825442224,17.705603361078897,neutral
2022-04-13,148.52000427246094,149.1699981689453,147.57000732421875,148.66000366210938,145.6776885986328,1992100,46.58186729202068,neutral,5.899535162844606,35.299845054281555,neutral,-0.38895671350474004,-0.6319018594072476,0.2429451459025076,neutral,149.31367827037974,152.90986565329948,,148.46666971842447,149.40077471804065,0.9341049996161814,0.7656564882068093,-81.33368893265121,10.309422665615548,10.309422665615548,17.49669866699547,Sell Signal
2022-04-14,148.64999389648438,149.58999633789062,147.2100067138672,147.3800048828125,144.4233856201172,2331100,43.064224046120124,neutral,0.0,1.9665117209482237,neutral,-0.5158296105167608,-0.6086874096291502,0.09285779911238945,neutral,149.12951890013525,152.69300836818235,,148.06000264485678,149.15699797746177,1.0969953326049904,0.8258999144610241,-88.5494972128579,1.3222481312088696,1.3222481312088696,13.608483914094197,neutral
2022-04-18,147.4499969482422,148.3300018310547,145.75,146.17999267578125,143.2474365234375,1775800,40.0135045320273,neutral,0.0,1.9665117209482237,neutral,-0.7050805222920076,-0.6279660321617218,-0.07711449013028582,neutral,148.84861164067297,152.4375959880882,,146.75333150227866,148.71996770924665,1.9666362069679906,1.0333065130986543,-126.88304854613372,-10.332778839458639,-10.332778839458639,5.193156445702001,neutral
2022-04-19,146.85000610351562,150.58999633789062,146.85000610351562,150.10000610351562,147.08880615234375,2296000,51.98060444559985,neutral,100.0,33.33333333333336,neutral,-0.5326112991366188,-0.6088950855567011,0.07628378642008238,neutral,148.9677920657056,152.34592579653633,,149.18000284830728,148.80361046180312,0.37639238650416473,0.9138675809905652,27.457835564913616,-6.897268439061161,-6.897268439061161,-1.3995941204238456,neutral
2022-04-20,150.80999755859375,152.5,150.52999877929688,150.58999633789062,147.5689697265625,1979900,53.23642527524541,neutral,99.99999999999999,66.66666666666669,neutral,-0.3523286549007878,-0.5575817994255184,0.20525314452473065,neutral,149.1222877106756,152.2770658177659,,151.2066650390625,149.24052947585028,1.9661355632122195,1.1051890323035933,118.60025785900282,4.511597588035565,4.511597588035565,-2.8490503898188413,Buy Signal
2022-04-21,151.97999572753906,153.10000610351562,151.30999755859375,151.77000427246094,148.72531127929688,2337200,56.206727106668,neutral,100.0,100.00000000000001,Sell Pressure,-0.11293474050643226,-0.4686523876417012,0.35571764713526893,neutral,149.3744511927504,152.25718105128337,,152.06000264485678,149.75316096112417,2.306841683732614,1.323671332563415,116.18401169446378,14.663635234074494,14.663635234074494,0.48629638589756485,neutral
2022-04-22,150.8000030517578,150.99000549316406,148.24000549316406,149.1699981689453,146.17745971679688,3157400,48.84489094056052,neutral,0.0,66.66666666666669,neutral,-0.13149629457467427,-0.4012211690282958,0.26972487445362153,neutral,149.35497947619754,152.13611505589756,,149.46666971842447,149.70107164426966,0.23440192584519082,1.1256223495237379,-13.88280453293941,12.06850434616414,12.06850434616414,6.086617182303259,neutral
2022-04-25,148.7100067138672,149.02999877929688,145.8800048828125,148.60000610351562,145.61891174316406,3432200,47.37978161854807,neutral,0.0,33.33333333333336,neutral,-0.19000974193224351,-0.35897888360908536,0.16896914167684185,neutral,149.28307725022782,151.99744411658847,,147.836669921875,149.36208951292517,1.5254195910501664,1.1983127570739975,-84.86485585921594,3.2563806911295865,3.2563806911295865,8.625029464850947,Sell Signal
2022-04-26,145.41000366210938,146.97999572753906,142.8699951171875,144.22000122070312,141.32676696777344,4840400,37.95779763947921,neutral,0.0,2.3684757858670007e-14,neutral,-0.5830903566739778,-0.40380117822206385,-0.17928917845191394,neutral,148.80087953313023,151.69244635596553,,144.68999735514322,148.51261821151027,3.8226208563670525,1.6754596842181892,-152.1023709641724,-10.867142186625138,-10.867142186625138,4.780344521185771,neutral
2022-04-27,144.77999877929688,146.0800018310547,143.72999572753906,144.2100067138672,141.3169708251953,3124300,37.93925764528983,neutral,0.0,2.3684757858670007e-14,neutral,-0.885211877524938,-0.5000833180826387,-0.3851285594422993,neutral,148.36365355034326,151.39901735039305,,144.67333475748697,147.81456667441512,3.141231916928149,1.941963726529091,-107.83695816133267,-19.682580002507642,-19.682580002507642,-3.806209287959763,neutral
2022-04-28,144.75,147.72999572753906,144.1199951171875,147.13999938964844,144.1881866455078,2537700,46.23074520990837,neutral,100.00000000000001,33.333333333333364,neutral,-0.8780972786703671,-0.5756861102001845,-0.3024111684701827,neutral,148.24711505884852,151.231997038207,,146.32999674479166,147.544644869029,1.2146481242373568,1.809724526112412,-44.74523080580381,-21.961002802807293,-21.961002802807293,-12.313586075202622,neutral
2022-04-29,147.3000030517578,148.55999755859375,143.8699951171875,144.22000122070312,141.32676696777344,4152300,40.43308108286959,neutral,29.993849157431264,43.33128305247712,neutral,-1.0954506830315722,-0.679639024766462,-0.41581165826511024,neutral,147.86358040759657,150.9570168100696,,145.54999796549478,147.18198179565914,1.6319838301643586,1.7774080359400384,-61.212124515581756,-25.5292865948777,-25.5292865948777,-19.510002896704442,neutral
2022-05-02,144.50999450683594,147.5,143.77999877929688,145.91000366210938,142.9828643798828,3717300,44.7515674728584,neutral,74.45451910661126,68.1494560880142,neutral,-1.1184430337661126,-0.7673998265663922,-0.3510432071997205,neutral,147.6775254794549,150.75909472583587,,145.7300008138021,146.9179852535033,1.1879844397012107,1.6702401093511605,-47.417710904759595,-27.51914335032151,-27.51914335032151,-23.673003187628538,neutral
2022-05-03,146.2100067138672,148.85000610351562,145.9199981689453,148.0800018310547,145.1093292236328,2508700,49.78555151177305,neutral,99.99999999999999,68.14945608801419,neutral,-0.9506059271748484,-0.8040410466880834,-0.14656488048676497,neutral,147.71585656055964,150.65403225937385,,147.61666870117188,147.04501860762485,0.5716500935470208,1.4704964701140442,25.9164214338525,-22.661364733578417,-22.661364733578417,-24.417699370396228,Buy Signal
2022-05-04,149.0,154.66000366210938,147.8800048828125,154.22999572753906,151.1359405517578,3694200,60.71146404642295,neutral,100.0,91.48483970220377,neutral,-0.31767869890458655,-0.7067685771313841,0.3890898782267975,Buy Signal,148.33625076693863,150.79426612087053,,152.2566680908203,147.9925912409331,4.2640768498872035,1.9784201755273458,143.6862570999145,-7.538853657806333,-7.538853657806333,-20.812162084145992,neutral
2022-05-05,153.1699981689453,153.64999389648438,148.22999572753906,149.4600067138672,146.46165466308594,3315900,51.37453053776928,neutral,14.546063225026204,71.51535440834209,neutral,-0.19868721688999358,-0.605152305083106,0.40646508819311244,neutral,148.4432751428366,150.7419422225567,,150.44666544596353,148.43878655093863,2.007878895024902,1.983776306345083,67.47665680526335,-0.7192617975272713,-0.7192617975272713,-14.609655884808383,neutral
2022-05-06,149.27000427246094,149.77000427246094,146.69000244140625,149.52999877929688,146.53024291992188,2470300,51.49241574761666,neutral,1.2629844267877983,38.60301588393803,neutral,-0.09761261787687658,-0.5036443676418602,0.4060317497649836,neutral,148.5467726320233,150.6944150287034,,148.66333516438803,148.47961357156578,0.18372159282225198,1.6564936311591136,7.393995339166896,0.018307033081289448,0.018307033081289448,-7.725293288957683,neutral
2022-05-09,148.44000244140625,153.77000427246094,147.94000244140625,152.3800048828125,149.32305908203125,4163100,56.15374405395791,neutral,100.0,38.60301588393803,neutral,0.2100401915207044,-0.36090745580934724,0.5709476473300517,neutral,148.9118423701937,150.76051659160964,,151.36333719889322,149.00392695835257,2.3594102405406545,1.7842966510466665,88.15463277576357,8.030700282416044,8.030700282416044,-0.05227703495906777,neutral
2022-05-10,154.0,154.0399932861328,148.13999938964844,149.1199951171875,146.1284637451172,3503200,50.21014731880802,neutral,0.0,33.75432814226263,neutral,0.18862733790462016,-0.25100049706655375,0.4396278349711739,neutral,148.93166644133598,150.69618241614214,,150.4333292643229,149.2638182867108,1.1695109776121058,1.672517437694928,46.61679259675091,11.538526856446486,11.538526856446486,4.717068093604137,neutral
2022-05-11,149.99000549316406,150.1300048828125,146.1699981689453,146.41000366210938,143.47283935546875,2748000,45.864257712676306,neutral,0.0,33.333333333333364,neutral,-0.046480368187189924,-0.210096471290681,0.16361610310349106,neutral,148.69150808140964,150.5280969748075,,147.57000223795572,148.9558517323917,1.3858494944359734,1.620395993466027,-57.016906156444776,5.306214764365461,5.306214764365461,6.22343723407732,Sell Signal
2022-05-12,146.58999633789062,149.6199951171875,146.00999450683594,149.58999633789062,146.5890350341797,2819000,51.201717466999156,neutral,100.0,33.333333333333364,neutral,0.023522757793955407,-0.1633726254737537,0.1868953832677091,neutral,148.7770783915507,150.49130871453627,,148.4066619873047,148.85599905146677,0.44933706416207997,1.4074761881380367,-21.283347121560055,2.8889818656449595,2.8889818656449595,6.941105942218238,neutral
2022-05-13,150.2100067138672,150.35000610351562,147.97000122070312,149.3000030517578,146.3048553466797,2753300,50.710700349109835,neutral,90.7999877283641,63.59999590945473,neutral,0.054967078597115915,-0.11970468465957977,0.1746717632566957,neutral,148.82688074014186,150.44459084540773,,149.20667012532553,148.919757428532,0.2869126967935358,1.2037373715299455,15.890104911553971,4.070902142545779,4.070902142545779,5.9511564072506715,neutral
2022-05-16,149.22000122070312,150.8300018310547,146.30999755859375,150.5,147.4807891845703,2713700,52.73077521695484,neutral,99.99999999999999,96.93332924278805,neutral,0.1747027893015627,-0.060823189867351274,0.23552597916891396,neutral,148.98622543155693,150.44676375343096,,149.2133331298828,148.97313482877757,0.240198301105238,1.028548449634544,15.568756220839404,5.116161604208836,5.116161604208836,4.345565094191259,Buy Signal
2022-05-17,151.99000549316406,152.5,150.52000427246094,152.33999633789062,149.28387451171875,2106800,55.72700567394065,neutral,100.0,96.93332924278805,neutral,0.4133022387245262,0.03400189585102423,0.379300342873502,neutral,149.3056321845411,150.5210081685078,,151.7866668701172,149.48468610902114,2.301980761096047,1.260081597172999,121.79003678600684,15.722877529826837,15.722877529826837,6.9497307855566035,neutral
2022-05-18,151.58999633789062,151.7100067138672,148.47000122070312,148.92999267578125,145.9422607421875,2958700,49.46878915173883,neutral,0.0,66.66666666666669,neutral,0.323506048118702,0.09190272630455978,0.2316033218141422,neutral,149.26985699323066,150.45861540408714,,149.70333353678384,149.52444018679617,0.1788933499876748,1.0635019158665764,11.21410610980778,15.312989218916014,15.312989218916014,10.055732623874366,neutral
2022-05-19,146.1999969482422,148.89999389648438,144.11000061035156,146.9600067138672,145.4671630859375,2746700,46.23822061664069,neutral,0.0,33.33333333333336,neutral,0.0923163514159171,0.09198545132683125,0.0003309000890858449,neutral,149.0498712523389,150.32141506329418,,146.65666707356772,149.0030268934819,2.34635981991417,1.2967488075115934,-120.62782482480094,2.9547333967599254,2.9547333967599254,9.776690437427904,Sell Signal
2022-05-20,147.5399932861328,147.94000244140625,141.08999633789062,143.8300018310547,142.36895751953125,4195400,41.59080443294749,neutral,0.0,2.3684757858670007e-14,neutral,-0.3395542147313222,0.005677518115200564,-0.34523173284652275,neutral,148.5527408312642,150.06684983850047,,144.2866668701172,148.14550688923376,3.8588400191165704,1.7625835732579527,-145.95393102349584,-10.582417914172417,-10.582417914172417,5.852045557832591,neutral
2022-05-23,144.5800018310547,145.97000122070312,144.00999450683594,144.3800048828125,142.91336059570312,2836100,42.68102319078667,neutral,23.455620653129497,7.818540217709856,neutral,-0.6301698938833056,-0.12149196428450068,-0.5086779295988049,neutral,148.15533740760216,149.84383631082645,,144.7866668701172,147.53480870393983,2.7481418338226433,1.9417759842697144,-94.3514890864611,-18.197788020744113,-18.197788020744113,-2.6281208298101473,neutral
2022-05-24,144.35000610351562,146.22000122070312,141.0,145.75,144.26943969726562,2638800,45.41409800195257,neutral,100.00000000000001,41.151873551043195,neutral,-0.7413914577294918,-0.2454718629734989,-0.4959195947559929,neutral,147.9262576544972,149.6832937104019,,144.32333374023438,146.9509041650843,2.627570424849921,2.066465882557025,-84.76857185752618,-24.249677460451572,-24.249677460451572,-12.518787499652044,neutral
2022-05-25,145.42999267578125,146.16000366210938,143.5500030517578,145.7899932861328,144.3090362548828,1876900,45.49580058923288,neutral,100.0,74.48520688437652,neutral,-0.8168916064903442,-0.359755811676868,-0.4571357948134762,neutral,147.72280390512915,149.53061526239134,,145.16666666666666,146.62649734719017,1.4598306805235097,1.9561685730963856,-49.751359216544714,-26.568012165550947,-26.568012165550947,-19.899473890229764,neutral
2022-05-26,146.74000549316406,148.80999755859375,146.6999969482422,147.0399932861328,145.5463409423828,2127300,48.110045174096896,neutral,100.0,100.00000000000004,Sell Pressure,-0.7670197389213342,-0.4412085971257612,-0.325811141795573,neutral,147.6577743223676,149.432943812342,,147.51666259765625,146.78834557454763,0.728317023108616,1.732922836734973,28.018828754500866,-21.605572081909873,-21.605572081909873,-22.655262432164125,Buy Signal
2022-05-27,148.2100067138672,149.52000427246094,147.8699951171875,149.50999450683594,147.99124145507812,1776700,52.91581682397877,neutral,100.0,100.00000000000004,neutral,-0.5221682383035215,-0.45740052536131326,-0.06476771294220829,neutral,147.83417624469791,149.4359654082045,,148.96666463216147,147.18440358502286,1.7822610471386042,1.741893420444724,68.21163783501649,-13.44037118037111,-13.44037118037111,-21.465908222070873,neutral
2022-05-31,148.27000427246094,149.83999633789062,145.92999267578125,149.2899932861328,147.7734832763672,4144000,52.44986946313928,neutral,90.30446647533928,96.7681554917798,neutral,-0.3419323367553204,-0.4343068876401147,0.0923745508847943,neutral,147.97282548673934,149.4302410112605,,148.35332743326822,147.39693519379475,0.9563922394734732,1.5990750239044966,39.872727469585485,-8.593725848556875,-8.593725848556875,-17.551920319097203,neutral
2022-06-01,149.3300018310547,149.49000549316406,145.60000610351562,146.4199981689453,144.93263244628906,2410400,46.67577789242971,neutral,0.0,63.43482215844646,neutral,-0.425770687206807,-0.43259964755345315,0.006828960346646151,neutral,147.82493717075897,149.31219227234618,,147.17000325520834,147.3556748413245,0.18567158611614332,1.3420925806702506,-9.222989471333271,-8.650931632445639,-8.650931632445639,-13.072650185820875,neutral
2022-06-02,147.52000427246094,148.2899932861328,144.5,148.17999267578125,146.6747589111328,1901400,50.28986825799448,neutral,62.593132071116536,50.96586618215198,neutral,-0.3462054947108584,-0.41532081698493417,0.0691153222740758,neutral,147.85875198076107,149.2677922881672,,146.98999532063803,147.2891876557451,0.29919233510707954,1.1524743542042195,-17.307244713118212,-9.437869185234055,-9.437869185234055,-10.03072446165192,neutral
2022-06-03,147.0,147.47000122070312,145.32000732421875,145.97000122070312,144.48721313476562,1876300,46.06770500746535,neutral,0.0,20.86437735703888,neutral,-0.45621834606970424,-0.4235003228018882,-0.03271802326781603,neutral,147.67887095599366,149.13846714826664,,146.25333658854166,147.10085109807176,0.8475145095301002,1.097027109718016,-51.503711076501936,-13.262036629894773,-13.262036629894773,-9.986140824032836,Sell Signal
2022-06-06,146.38999938964844,147.3000030517578,145.64999389648438,146.2100067138672,144.7247772216797,1575600,46.59212004072096,neutral,12.420288274490114,25.004473448535588,neutral,-0.5180659441631974,-0.44241344707415003,-0.07565249708904737,neutral,147.5389791234102,149.0236255626039,,146.38666788736978,146.97099960521686,0.5843317178470784,1.0038097657414817,-38.80759999151509,-15.584360571860255,-15.584360571860255,-11.73379950485868,neutral
2022-06-07,145.44000244140625,146.99000549316406,143.82000732421875,146.8699951171875,145.37806701660156,1805300,48.08698609923893,neutral,100.0,37.47342942483007,neutral,-0.5079695065737155,-0.45552465897406313,-0.0524448475996524,neutral,147.4752663609128,148.93916946670524,,145.8933359781901,146.77506076393925,0.8817247857491566,0.981612496651968,-59.88274658662808,-19.611486573202786,-19.611486573202786,-14.473938240047968,neutral
2022-06-08,145.55999755859375,146.61000061035156,144.2899932861328,145.4199981689453,143.9427947998047,1711400,45.10028542708591,neutral,0.0,37.47342942483007,neutral,-0.6099396381616771,-0.48640765481158593,-0.12353198335009113,neutral,147.27952653310638,148.80116274914602,,145.43999735514322,146.53232196233995,1.0923246071967299,1.0017419712964701,-72.69500786268853,-24.43726123588331,-24.43726123588331,-18.22378625271028,neutral
2022-06-09,145.50999450683594,147.19000244140625,144.13999938964844,144.17999267578125,142.71539306640625,2168300,42.66007669032946,neutral,0.0,33.333333333333364,neutral,-0.7817977049498097,-0.5454856648392307,-0.23631204011057905,neutral,146.98433283240874,148.6199403933278,,145.1699981689453,146.28462672717728,1.1146285582319706,1.022266805284743,-72.68999654948209,-28.82387353711956,-28.82387353711956,-22.114245479516477,neutral
2022-06-10,142.0,142.47000122070312,137.5800018310547,137.64999389648438,136.25172424316406,5883900,32.64351308895169,neutral,0.0,3.315866100213801e-14,neutral,-1.4284465464519371,-0.722077841161772,-0.7063687052901652,neutral,146.0953481718445,148.18974641305942,,139.23333231608072,145.002573197887,5.769240881806269,1.8853530010159294,-204.00214632476403,-44.74917106326906,-44.74917106326906,-29.405448102368677,neutral
2022-06-13,136.72999572753906,138.33999633789062,135.6199951171875,136.3699951171875,134.98472595214844,4116000,31.10193452520771,neutral,0.0,3.315866100213801e-14,neutral,-2.020909825789829,-0.9818442380873834,-1.0390655877024457,neutral,145.16912407140097,147.7262267543978,,136.77666219075522,143.5069530147721,6.73029082401689,2.766250787016104,-162.20006408690352,-55.42652497450855,-55.42652497450855,-38.359207702695116,neutral
2022-06-14,136.67999267578125,138.35000610351562,134.39999389648438,135.25,133.8760986328125,2675200,29.77686402258226,oversold,0.0,3.315866100213801e-14,neutral,-2.55140448617729,-1.2957562877053648,-1.2556481984719254,neutral,144.2244455884104,147.2369629601077,,136.0,142.14205246663172,6.142052466631725,3.380032910582581,-121.1438395052606,-61.40082629548601,-61.40082629548601,-47.6000989675958,neutral
2022-06-15,135.75999450683594,136.67999267578125,133.05999755859375,134.3300018310547,132.9654541015625,3271100,28.695382464298405,oversold,0.0,3.315866100213801e-14,neutral,-3.0113485385770673,-1.6388747378797053,-1.372473800697362,neutral,143.28211761151937,146.73080762171347,,134.68999735514322,140.787133355452,6.09713600030878,3.874051654169162,-104.92264162675248,-65.35735496196479,-65.35735496196479,-56.7334693238071,neutral
2022-06-16,132.5500030517578,132.5500030517578,130.3300018310547,130.94000244140625,129.60989379882812,3728200,25.080649062161115,oversold,0.0,3.315866100213801e-14,neutral,-3.6078135048613262,-2.0326624912760294,-1.5751510135852969,neutral,142.1066780715086,146.11156035974062,,131.2733357747396,139.05735197714066,7.784016202401062,4.584954299302234,-113.18202529791381,-69.70505226523288,-69.70505226523288,-62.97243962429806,neutral
2022-06-17,130.77000427246094,131.8800048828125,128.72000122070312,129.83999633789062,128.52105712890625,7180900,24.023163119082938,oversold,0.0,3.315866100213801e-14,neutral,-4.1217644524600985,-2.4504828835128434,-1.671281568947255,neutral,140.9384226683069,145.47345980986415,,130.14666748046875,137.4372275232003,7.290560042731556,5.076882616289383,-95.73538978873242,-72.07144658555102,-72.07144658555102,-67.13367002705868,neutral
2022-06-21,130.33999633789062,131.0800018310547,129.27000427246094,130.00999450683594,128.6893310546875,3728400,24.55259969811138,oversold,50.05362367873432,16.684541226244807,neutral,-4.463899791632031,-2.853166265136681,-1.6107335264953497,neutral,139.89761998626207,144.86704940582382,,130.12000020345053,136.10682255597305,5.986822352522523,5.242326204695409,-76.13442479231567,-72.44080824071143,-72.44080824071143,-69.89366551336504,neutral
2022-06-22,128.77000427246094,131.58999633789062,128.19000244140625,130.39999389648438,129.0753631591797,2900200,25.829532717079445,oversold,99.99999999999999,50.01787455957813,neutral,-4.649972829226357,-3.2125275779546163,-1.4374452512717406,neutral,138.993084168188,144.29971389565364,,130.05999755859375,135.00739982917682,4.947402270583069,5.188703671220438,-63.56632387166032,-71.63403693443405,-71.63403693443405,-71.46283600648235,neutral
2022-06-23,130.2100067138672,131.07000732421875,128.5,130.14999389648438,128.82791137695312,2241000,25.531230590111207,oversold,76.634045052667,75.56255624380047,neutral,-4.762708424729283,-3.5225637473095497,-1.240144677419733,neutral,138.15088509469243,143.74482291529407,,129.90666707356772,134.07999387361153,4.17332680004381,5.004089694642869,-55.5988808448893,-70.17629547174816,-70.17629547174816,-71.58064680811117,Buy Signal
2022-06-24,131.52999877929688,134.5500030517578,131.24000549316406,134.3300018310547,132.9654541015625,3659300,38.351180938456665,neutral,100.0,92.21134835088903,neutral,-4.463310227852986,-3.710713043418237,-0.752597184434749,neutral,137.78699145053645,143.3756142453239,,133.3733367919922,133.95151076786254,0.5781739758703566,4.199377745775139,-9.178724577342269,-64.63106175407489,-64.63106175407489,-69.72055060024213,neutral
2022-06-27,134.41000366210938,134.6699981689453,132.2899932861328,132.8000030517578,131.4510040283203,2388600,35.914069194202796,neutral,80.98767513029948,85.87390672765552,Sell Pressure,-4.299926241436793,-3.8285556830219485,-0.4713705584148449,neutral,137.31204017446228,142.96088439459584,,133.25333150227866,133.82456908321092,0.5712375809322623,3.539715897621888,-10.758633318868723,-59.73356825996524,-59.73356825996524,-66.54374060505559,neutral
2022-06-28,133.86000061035156,134.57000732421875,130.14999389648438,130.3300018310547,129.00608825683594,2408300,32.34100381084161,neutral,0.0,60.32922504343318,neutral,-4.319953970637613,-3.9268353405450815,-0.39311863009253134,neutral,136.6470841417568,142.46555566661382,,131.68333435058594,133.4352536772791,1.7519193266931552,3.2146619756348453,-36.33185158028274,-57.60613947090319,-57.60613947090319,-63.03676623917288,neutral
2022-06-29,130.0,130.33999633789062,128.80999755859375,129.77000427246094,128.4517822265625,2821100,31.574030896557545,neutral,0.0,26.99589171009985,neutral,-4.331087136701171,-4.0076856997762995,-0.3234014369248719,neutral,135.99212415420482,141.9676909060588,,129.63999938964844,132.74520744316442,3.1052080535159803,3.1947612625223245,-64.79791546957638,-58.25993728896438,-58.25993728896438,-60.05767669347692,neutral
2022-06-30,128.7100067138672,130.2100067138672,127.30000305175781,129.41000366210938,128.09542846679688,3341100,31.0640124663947,neutral,0.0,2.3684757858670007e-14,neutral,-4.319170581745368,-4.069982676170113,-0.24918790557525483,neutral,135.36525553591002,141.47523258276667,,128.97333780924478,132.05941296426994,3.0860751550251564,3.175000152068294,-64.79947521713326,-58.85444073697973,-58.85444073697973,-58.61352143920313,Sell Signal
2022-07-01,129.41000366210938,129.8300018310547,126.61000061035156,128.49000549316406,127.18478393554688,3720800,29.741828416878093,oversold,0.0,2.3684757858670007e-14,neutral,-4.334003099667399,-4.1227867608695705,-0.2112163387978283,neutral,134.71046981755327,140.96600799101753,,128.31000264485678,131.3777019971039,3.067699352247132,3.155490915737173,-64.81187733098932,-59.39602588188969,-59.39602588188969,-58.52913584468425,neutral
2022-07-05,126.9800033569336,129.44000244140625,125.5999984741211,129.2100067138672,127.89746856689453,3905300,32.17490471203813,neutral,100.0,33.33333333333336,neutral,-4.238797674739203,-4.145988943643497,-0.09280873109570642,neutral,134.18661618863078,140.50498833309007,,128.08333587646484,130.77872633880588,2.695390462341038,3.0718362878469665,-58.49683402735899,-59.31428116784144,-59.31428116784144,-58.95617126891881,neutral
2022-07-06,129.5,130.99000549316406,127.95999908447266,129.83999633789062,128.52105712890625,3031600,34.31823234699185,neutral,100.0,66.66666666666669,neutral,-4.065645560702563,-4.12992026705531,0.06427470635274624,neutral,133.7726523933222,140.08675335288618,,129.59666697184244,130.56380645390342,0.9671394820609862,2.6891641413404246,-23.976210480998798,-56.10172928721938,-56.10172928721938,-58.41661926848256,Buy Signal
2022-07-07,130.1300048828125,130.30999755859375,127.56999969482422,130.0500030517578,128.7289276123047,3449600,35.05499628904603,neutral,100.0,100.00000000000001,Sell Pressure,-3.866900257024014,-4.077316265049051,0.21041600802503702,neutral,133.41811436079226,139.69315530186154,,129.31000010172525,130.33584166259828,1.0258415608730331,2.3867418539827168,-28.653889517802362,-53.60647112636328,-53.60647112636328,-57.10462686582845,neutral
2022-07-08,129.82000732421875,130.16000366210938,128.13999938964844,128.72000122070312,127.41243743896484,2191300,32.563723245539634,neutral,0.0,66.66666666666669,neutral,-3.7732178972799773,-4.016496591495236,0.24327869421525872,neutral,132.9706750141171,139.26283553397298,,129.0066680908203,130.09417374045682,1.0875056496365119,2.150517089556134,-33.712997211009466,-51.797973497694755,-51.797973497694755,-55.205113769779715,neutral
2022-07-11,128.72999572753906,130.50999450683594,128.5500030517578,129.00999450683594,127.6994857788086,2693200,33.67059647295687,neutral,44.42714402538411,48.142381341794724,neutral,-3.63368703536986,-3.9399346802701607,0.30624764490030065,neutral,132.59346734675697,138.86076333683036,,129.3566640218099,129.9600810643392,0.6034170425292871,1.869226171914889,-21.5210997147955,-49.04553042652209,-49.04553042652209,-52.63792608444987,neutral
2022-07-12,129.16000366210938,132.02999877929688,129.05999755859375,130.1999969482422,128.8773956298828,2638100,38.156432797665445,neutral,100.0,48.142381341794724,neutral,-3.3880294754663396,-3.8295536393093963,0.4415241638430567,neutral,132.36551778499367,138.52112543923866,,130.42999776204428,130.04552046392192,0.38447729812236275,1.5992718312253387,16.027181479952322,-43.12982934411533,-43.12982934411533,-49.394951098673864,neutral
2022-07-13,128.0,129.49000549316406,127.66999816894531,128.3699951171875,127.06598663330078,2490300,34.31327785735395,neutral,14.321995365211448,52.91637979686521,neutral,-3.3029357557916796,-3.724230062605853,0.42129430681417324,neutral,131.98499181663118,138.12304189719742,,128.50999959309897,129.766334851045,1.2563352579460343,1.5369197269927377,-54.495808982133475,-44.163100220298794,-44.163100220298794,-47.034108372157746,neutral
2022-07-14,126.9800033569336,128.5399932861328,125.87999725341797,128.30999755859375,127.00659942626953,2525500,34.19168519395933,neutral,0.0,38.10733178840383,neutral,-3.2034127236176744,-3.6200665948082174,0.416653871190543,neutral,131.63499236348474,137.73821662901688,,127.57666269938152,129.36821264165164,1.791549942270123,1.5832161297704441,-75.43926604343383,-47.00638802240198,-47.00638802240198,-45.83621200333455,Sell Signal
2022-07-15,129.8699951171875,130.33999633789062,128.25,130.1300048828125,128.80812072753906,2638600,41.019445354975446,neutral,100.0,38.10733178840383,neutral,-2.9437469406534547,-3.484802663977265,0.5410557233238102,neutral,131.49166022246834,137.4398553840677,,129.57333374023438,129.40550738684848,0.16782635338589103,1.3258725340641615,8.438536338605513,-41.96594035321948,-41.96594035321948,-44.0663144850089,Buy Signal
2022-07-18,130.19000244140625,130.82000732421875,128.52000427246094,128.91000366210938,127.60050964355469,2539800,38.16125010269494,neutral,58.13702486863438,52.71234162287814,neutral,-2.8040801489210025,-3.3486581609660124,0.5445780120450099,neutral,131.24578816910082,137.10535139497128,,129.4166717529297,129.4075372715905,0.009134481339174272,1.086465615386891,0.5605013301730357,-38.0999002001838,-38.0999002001838,-42.808832199026014,neutral
2022-07-19,130.39999389648438,132.27000427246094,130.05999755859375,132.1300048828125,130.78781127929688,2812700,48.38398377420553,neutral,100.0,86.04567495621147,neutral,-2.4058330762663047,-3.160093144026071,0.7542600677597662,neutral,131.3299992846924,136.91023976704346,,131.4866689046224,129.78556120486903,1.7011076997533792,1.1982187216353433,94.64647642024751,-26.032047780144588,-26.032047780144588,-38.27606908898746,neutral
2022-07-20,132.1199951171875,133.47000122070312,131.85000610351562,133.00999450683594,131.6588592529297,2005300,50.77876081911558,neutral,100.0,86.04567495621147,neutral,-1.9962006353610207,-2.927314642293061,0.9311140069320403,neutral,131.48999882965848,136.75728897252554,,132.77666727701822,130.3293986725325,2.447268604485714,1.4253187003354106,114.46649809663924,-13.259452700436965,-13.259452700436965,-29.839335258496206,neutral
2022-07-21,133.0399932861328,133.99000549316406,132.3699951171875,133.9499969482422,132.5893096923828,1669100,53.272708433313255,neutral,100.0,100.0,Sell Pressure,-1.5775288628545354,-2.6573574864053557,1.0798286235508203,neutral,131.72428436476167,136.64719908922032,,133.4366658528646,130.8943563416838,2.542309511180804,1.6284079386709365,104.08159817970305,-2.5920844386060544,-2.5920844386060544,-19.995871279842852,neutral
2022-07-22,134.64999389648438,134.9499969482422,133.47999572753906,134.1199951171875,132.75758361816406,1760000,53.72931344350668,neutral,100.0,100.0,neutral,-1.2179710234779861,-2.3694801938198817,1.1515091703418956,neutral,131.95244729356415,136.5480930511014,,134.1833292643229,131.49235141852725,2.6909778457956577,1.8216024672390676,98.48390429825848,6.596641810199812,6.596641810199812,-8.821735777246948,neutral
2022-07-25,134.0,135.10000610351562,133.77999877929688,134.1199951171875,132.75758361816406,2354100,53.72931344350668,neutral,100.0,100.0,neutral,-0.9223861519040213,-2.08006138543671,1.1576752335326885,neutral,132.15888041962353,136.45287352428127,,134.33333333333334,132.00889358485563,2.3244397484777153,1.9130274274642762,81.00388299394004,13.360936463267105,13.360936463267105,1.0265102836059743,neutral
2022-07-26,143.50999450683594,145.6999969482422,138.52000427246094,140.75,139.3202362060547,12551200,67.9118455271771,neutral,100.0,100.0,neutral,-0.15140176156438656,-1.6943294606622452,1.5429276990978587,neutral,132.9770822844213,136.62138828803495,,141.65666707356772,133.7630342191669,7.893632854400806,3.000410232361827,175.39007986889382,28.09085859105135,28.09085859105135,11.364088106478054,neutral
2022-07-27,139.6199951171875,140.2100067138672,137.57000732421875,138.86000061035156,137.44943237304688,5030300,62.07108172168515,neutral,58.817605820507204,86.2725352735024,neutral,0.30360203182451073,-1.294743162164894,1.5983451939894047,neutral,133.53736022022417,136.70917700655718,,138.8800048828125,134.69339252164792,4.186612361164578,3.2160833466896,86.78490594206706,33.426681077507325,33.426681077507325,20.368779485506398,neutral
2022-07-28,139.89999389648438,140.6300048828125,138.3000030517578,140.3699951171875,138.944091796875,3094200,64.68438196689758,neutral,44.74335879270625,67.85365487107116,neutral,0.7770820353745194,-0.8803781226570113,1.6574601580315307,neutral,134.1880873532683,136.85273850109172,,139.76666768391928,135.61580618751543,4.150861496403849,3.3860430102740082,81.7249216624284,37.81743022159106,37.81743022159106,28.173976588354208,neutral
2022-07-29,140.77000427246094,143.72000122070312,139.82000732421875,143.24000549316406,141.78494262695312,3998300,69.04935301041877,neutral,100.0,67.85365487107116,neutral,1.3681332130443025,-0.4306758555167486,1.798809068561051,neutral,135.05017479516312,137.10321955960438,,142.26000467936197,136.82384227694206,5.43616240241991,3.758791990664172,96.41683491082375,43.14464882970312,43.14464882970312,35.61990467996321,neutral
2022-08-01,142.14999389648438,144.05999755859375,141.5800018310547,143.36000061035156,141.90371704101562,2855900,69.22064570904323,neutral,100.0,81.58111959756876,neutral,1.8251884959168478,0.02049701476997068,1.804691481146877,neutral,135.84158677756201,137.3485835223788,,143.0,137.94678004477078,5.053219955229224,3.9941425296759996,84.34384297646544,46.89003011577242,46.89003011577242,40.319697561143485,neutral
2022-08-02,142.58999633789062,143.55999755859375,141.6300048828125,141.75,140.31007385253906,2697700,64.09508920273203,neutral,0.0,66.66666666666667,neutral,2.034047275735759,0.4232070669631283,1.6108402087726306,neutral,136.40429279874658,137.52118809012865,,142.3133341471354,138.7406989724734,3.572635174661997,3.9175048287643626,60.79780082515529,48.154372907534494,48.154372907534494,44.00162051865027,neutral
2022-08-03,141.89999389648438,143.80999755859375,141.5500030517578,143.49000549316406,142.03240966796875,2735500,66.94391599501982,neutral,55.581807846215646,51.86060261540521,neutral,2.31330690296042,0.8012270341625867,1.5120798687978334,neutral,137.0791225791673,137.7552593608359,,142.95000203450522,139.50602680193373,3.443975232571489,3.8314085385474765,59.925311155970384,49.22445820284685,49.22445820284685,46.85337751396422,neutral
2022-08-04,143.49000549316406,148.3300018310547,143.1999969482422,148.1199951171875,146.61537170410156,5904900,73.06746856060866,overbought,99.99999999999999,51.860602615405206,neutral,2.8750814879963116,1.2159979249293318,1.6590835630669798,neutral,138.13063424945494,138.16171958657517,,146.54999796549478,140.7867488316721,5.763249133822683,4.182652283142968,91.85956252447562,53.100376777540376,53.100376777540376,49.342309500923534,neutral
2022-08-05,147.00999450683594,148.49000549316406,146.38999938964844,147.41000366210938,145.91258239746094,4187400,70.89853089651265,overbought,64.58095744080889,73.38758842900818,neutral,3.225816314750432,1.6179616028935517,1.6078547118568802,neutral,139.01438371732678,138.52439739345888,,147.43000284830728,141.99461319833304,5.4353896499742405,4.410422713475926,82.15976869770414,55.74213967937344,55.74213967937344,51.555336891823785,neutral
2022-08-08,148.02999877929688,150.14999389648438,147.5800018310547,148.47999572753906,146.97171020507812,3148500,72.23609815107207,overbought,61.67034934269595,75.41710226116827,neutral,3.549202610848482,2.004209804484538,1.5449928063639442,neutral,139.91587057544223,138.9148130144032,,148.73666381835938,143.22044058379237,5.516223234567008,4.611477353674304,79.74629114133856,57.924335266824805,57.924335266824805,53.99782748164637,neutral
2022-08-09,148.30999755859375,149.0500030517578,147.19000244140625,147.83999633789062,146.3382110595703,3033500,70.1589499635019,overbought,0.0,42.083768927834946,neutral,3.711067106784128,2.345581264944456,1.3654858418396723,neutral,140.67054921948494,139.26482020355957,,148.02666727701822,144.0942999825607,3.9323672944575208,4.4880027974530705,58.41302500508138,57.968761606666305,57.968761606666305,56.18390333260123,neutral
2022-08-10,149.8800048828125,150.61000061035156,148.83999633789062,149.3800048828125,147.86257934570312,2547000,72.22834417575164,overbought,99.62832749370172,53.76622561213255,neutral,3.9184423410091256,2.6601534801573896,1.258288860851736,neutral,141.50002118742088,139.6614941125499,,149.61000061035156,145.09715464215904,4.512845968192522,4.492519737587516,66.9682974038666,58.786901224593606,58.786901224593606,57.60553444436454,neutral
2022-08-11,150.0,151.44000244140625,149.3699951171875,149.66000366210938,148.1397247314453,2298300,72.60038557690237,overbought,100.0,66.5427758312339,neutral,4.058597286502419,2.9398422414263954,1.1187550450760235,neutral,142.27716237548645,140.05359252625811,,150.15666707356772,146.01706599332425,4.139601080243466,4.4283527089795065,62.31965326293108,59.108060500806104,59.108060500806104,58.4470146497227,neutral
2022-08-12,150.3699951171875,152.3000030517578,150.0,152.24000549316406,150.6935272216797,2346800,75.81536105455206,overbought,100.0,99.87610916456724,neutral,4.327965583181026,3.2174669097773214,1.1104986734037046,neutral,143.22600457717004,140.5314910739799,,151.51333618164062,147.01638784574538,4.49694833589524,4.440824641146003,67.50920830077713,59.87180120989438,59.87180120989438,58.9338811354901,neutral
2022-08-15,151.38999938964844,152.10000610351562,150.47999572753906,151.42999267578125,149.89173889160156,2338200,72.92234784542626,overbought,10.015841688568129,70.00528056285604,neutral,4.425071168272666,3.4589877614763904,0.9660834067962756,neutral,144.00733677703778,140.9588832936584,,151.33666483561197,147.80189275299384,3.534772082618133,4.2760878123227535,55.10912837090155,59.43883095180412,59.43883095180412,59.301398471774554,neutral
2022-08-16,150.47000122070312,151.30999755859375,148.8800048828125,150.25999450683594,148.73362731933594,4392500,68.83643095818378,neutral,0.0,36.67194722952271,neutral,4.357389693904111,3.6386681479619343,0.7187215459421763,neutral,144.60282798939951,141.32363275299872,,150.1499989827474,148.22882115840355,1.9211778243438573,3.847922359962954,33.2851106757146,57.06122001761416,57.06122001761416,58.8699781700297,Sell Signal
2022-08-17,148.44000244140625,148.7899932861328,147.07000732421875,147.42999267578125,145.932373046875,4876900,60.069120661479175,neutral,0.0,3.338613896189372,neutral,4.028950903315803,3.716724699032708,0.3122262042830948,neutral,144.87208176905492,141.56309784800982,,147.7633310953776,148.14418660148974,0.38085550611214103,3.217546568353715,-7.891219764733329,51.156452764673475,51.156452764673475,56.882076235996536,neutral
2022-08-18,147.39999389648438,147.44000244140625,145.3800048828125,146.67999267578125,145.1899871826172,5654300,57.96218154669101,neutral,0.0,-4.144832625267251e-15,Buy Pressure,3.6658840342985854,3.7065565660858835,-0.040672531787298016,neutral,145.0442637601717,141.76376039027537,,146.5,147.84524358303705,1.3452435830370462,2.8771278437506846,-31.170983844392033,43.67214034566752,43.67214034566752,52.83216101993982,neutral
2022-08-19,144.61000061035156,145.64999389648438,143.2100067138672,145.1999969482422,145.1999969482422,12713200,53.94143163000305,neutral,0.0,-4.144832625267251e-15,neutral,3.2215911411703075,3.6095634811027684,-0.38797233993246083,neutral,145.0590954923689,141.8985147650976,,144.6866658528646,147.27095672300567,2.584290870141075,2.8238847576398465,-61.010300630468606,34.15555480238242,34.15555480238242,46.5113419825844,neutral
2022-08-22,143.27999877929688,143.67999267578125,141.02999877929688,141.58999633789062,141.58999633789062,10183400,45.627272310658256,neutral,0.0,-4.144832625267251e-15,neutral,2.548807872609615,3.3974123594041377,-0.8486044867945228,neutral,144.72870509670432,141.88641600324632,,142.0999959309896,146.3307820335482,4.230786102558596,3.079685002170528,-91.58482333045501,22.724611335760834,22.724611335760834,37.92718981212106,neutral
2022-08-23,141.0,142.4199981689453,140.7100067138672,141.75,141.75,15358400,46.024373235553995,neutral,4.776201167944199,1.5920670559813956,neutral,2.005416055499751,3.1190130986232605,-1.1135970431235096,neutral,144.4450188970182,141.8810663560602,,141.62666829427084,145.47548862640684,3.8488203321360004,3.2195277894369774,-79.69740872690883,13.413518602790864,13.413518602790864,28.49145627165041,neutral
2022-08-24,140.91000366210938,141.58999633789062,139.7100067138672,141.0399932861328,141.0399932861328,15430500,44.47225035890777,neutral,0.0,1.5920670559813956,neutral,1.5001892694157277,2.795248332781754,-1.2950590633660264,neutral,144.12073074360055,141.84808309841597,,140.77999877929688,144.62176319965957,3.8417644203626935,3.3326617223325616,-76.8507725545335,5.207673952125012,5.207673952125012,18.87533967326478,neutral
2022-08-25,141.07000732421875,143.27000427246094,140.63999938964844,142.75999450683594,142.75999450683594,47355600,48.96257703470911,neutral,100.0,34.925400389314724,neutral,1.2244682179311326,2.48109230981163,-1.2566240918804974,neutral,143.99113681628964,141.8838443301187,,142.22333272298178,144.1856849311727,1.9623522081909073,3.0835145379431697,-42.42674355390752,0.8772723606675092,0.8772723606675092,10.555769062836054,neutral
2022-08-26,143.63999938964844,144.00999450683594,128.67999267578125,129.13999938964844,129.13999938964844,38384100,28.978702872885435,oversold,0.0,33.33333333333333,neutral,-0.09200193965074277,1.9664734599191553,-2.058475399569898,neutral,142.57674277565715,141.38408570500224,,133.94332885742188,142.32343837230889,8.38010951488701,4.046531806478414,-138.06241848011885,-11.753608624858524,-11.753608624858524,1.9362140726812154,neutral
2022-08-29,128.7899932861328,128.7899932861328,125.2699966430664,126.44000244140625,126.44000244140625,50532400,26.65606028422117,oversold,0.0,33.33333333333333,neutral,-1.3377603445715067,1.305626699021023,-2.6433870435925297,neutral,141.03991036287135,140.7980432240769,,126.83333079020183,139.50705517556213,12.673724385360302,5.615112275366029,-150.47160547986428,-24.364335611677227,-24.364335611677227,-7.508249480935808,neutral
2022-08-30,126.88999938964844,127.73999786376953,123.02999877929688,124.86000061035156,124.86000061035156,34478500,25.374385114940395,oversold,0.0,-4.736951571734001e-15,Buy Pressure,-2.424576786863412,0.559586001844136,-2.9841627887075477,neutral,139.4989665769171,140.17302194510728,,125.20999908447266,136.90759043172767,11.697591347255013,6.721017561164027,-116.02996362581624,-32.6975745220535,-32.6975745220535,-16.984561599480436,neutral
2022-08-31,124.8499984741211,126.45999908447266,123.61000061035156,124.3499984741211,124.3499984741211,31642100,24.957248983922256,oversold,0.0,-4.736951571734001e-15,neutral,-3.28912457688412,-0.21015611390151523,-3.078968462982605,neutral,138.05620770998414,139.5525112207549,,124.80666605631511,134.70742236347084,9.900756307155731,7.299151878617064,-90.4283718784744,-37.945828827182666,-37.945828827182666,-26.69033689644298,neutral
2022-09-01,124.30000305175781,126.38999938964844,123.66999816894531,125.62999725341797,125.62999725341797,31014400,28.149762420766805,oversold,100.00000000000001,33.333333333333336,neutral,-3.8268857681315467,-0.9335020447475215,-2.893383723384025,neutral,136.87275909507306,139.00653028085935,,125.22999827067058,132.98425434659805,7.754256075927472,7.3818980963098655,-70.02946915783755,-40.862523402696745,-40.862523402696745,-33.96756559090254,neutral
2022-09-02,126.02999877929688,126.37000274658203,121.1500015258789,121.6500015258789,121.6500015258789,12320600,24.639683749916074,oversold,0.0,33.333333333333336,neutral,-4.52208994161191,-1.6512196241203991,-2.8708703174915104,neutral,135.42297265991172,138.32588209438953,,123.05666859944661,131.17923875620687,8.122570156760261,7.516565743664482,-72.04150081089506,-43.69697589435114,-43.69697589435114,-38.800725661571015,neutral
2022-09-06,121.36000061035156,121.5,115.9800033569336,116.5999984741211,116.5999984741211,30733600,21.052599597875272,oversold,0.0,33.333333333333336,neutral,-5.418081033890729,-2.404591906074465,-3.013489127816264,neutral,133.63030845174117,137.47388665830056,,118.02666727701823,128.78786212362712,10.761194846608888,8.106498307836192,-88.49850607881267,-47.76984227475673,-47.76984227475673,-42.56879259974682,neutral
2022-09-07,116.63999938964844,121.25,116.0199966430664,120.55000305175781,120.55000305175781,37568700,29.676390738390154,oversold,100.0,33.33333333333333,neutral,-5.743223763427181,-3.0723182775450084,-2.670905485882173,neutral,132.3845650803142,136.81020494824008,,119.27333323160808,127.05794777962366,7.784614548015583,8.047973987868808,-64.48508705213509,-49.28940998179113,-49.28940998179113,-45.40468788839893,neutral
2022-09-08,118.38999938964844,119.79000091552734,117.16000366210938,119.2699966430664,119.2699966430664,25741400,28.58665072023537,oversold,87.36353147630277,62.454510492100916,neutral,-6.034624148077228,-3.6647794516514525,-2.3698446964257753,neutral,131.13555856248107,136.12235364215485,,118.74000040690105,125.54559371185591,6.8055933049548685,7.822086590975364,-58.00322139795569,-50.08157465598791,-50.08157465598791,-47.70945070172173,neutral
2022-09-09,121.2699966430664,123.29000091552734,119.87000274658203,123.0999984741211,123.0999984741211,26220100,36.142686154800664,neutral,100.0,95.78784382543425,neutral,-5.8886314355898435,-4.109549848439131,-1.7790815871507126,neutral,130.3702671254944,135.61167304733,,122.08666737874348,124.91669801492637,2.830030636182883,6.914440053740368,-27.286187690180135,-48.00926675000538,-48.00926675000538,-48.78752341563529,Buy Signal
