Date,Open,High,Low,Close,Adj Close,Volume,RSI14,slowk,slowd,macd,macdsignal,macdhist,n1,n2,obLevel1,obLevel2,sLevel1,osLevel2,ap,esa,d,ci,tci,wt1,wt2,wt1 - wt2,wt1 & wt2 crossing
2022-01-03,386.95001220703125,388.07000732421875,382.739990234375,385.5299987792969,381.2397766113281,662100,,,,,,,10,21,60,53,-60,-53,385.44666544596356,,,,,,,,0
2022-01-04,387.5400085449219,397.8500061035156,387.5400085449219,396.989990234375,392.5722961425781,740500,,,,,,,10,21,60,53,-60,-53,394.1266682942708,,,,,,,,0
2022-01-05,391.0400085449219,399.57000732421875,390.17999267578125,394.989990234375,390.59454345703125,1072500,,,,,,,10,21,60,53,-60,-53,394.913330078125,,,,,,,,0
2022-01-06,397.55999755859375,399.8299865722656,394.3999938964844,397.2699890136719,392.8491516113281,764300,,,,,,,10,21,60,53,-60,-53,397.1666564941406,,,,,,,,0
2022-01-07,398.32000732421875,401.1499938964844,396.0799865722656,400.4200134277344,395.9641418457031,908600,,,,,,,10,21,60,53,-60,-53,399.21666463216144,,,,,,,,0
2022-01-10,405.0,406.8399963378906,399.239990234375,402.2300109863281,397.75396728515625,1018100,,,,,,,10,21,60,53,-60,-53,402.76999918619794,,,,,,,,0
2022-01-11,397.70001220703125,401.69000244140625,395.5,400.6000061035156,396.14208984375,605000,,,,,,,10,21,60,53,-60,-53,399.2633361816406,,,,,,,,0
2022-01-12,401.32000732421875,402.2300109863281,393.6499938964844,395.5299987792969,391.1285400390625,714800,,,,,,,10,21,60,53,-60,-53,397.1366678873698,,,,,,,,0
2022-01-13,395.5299987792969,399.8699951171875,394.3699951171875,397.6099853515625,393.18536376953125,665300,,35.60700517979242,54.93637924716945,,,,10,21,60,53,-60,-53,397.2833251953125,,,,,,,,0
2022-01-14,397.2799987792969,404.0,395.8800048828125,403.45001220703125,398.96038818359375,936100,,39.524922298574,42.03424158220079,,,,10,21,60,53,-60,-53,401.11000569661456,396.8433319091797,,,,,,,0
2022-01-18,403.3399963378906,404.0,395.8900146484375,401.6300048828125,397.16064453125,774800,,60.47434011090042,45.20208919642227,,,,10,21,60,53,-60,-53,400.5066731770833,397.5093939578895,,,,,,,0
2022-01-19,403.04998779296875,408.9700012207031,401.4800109863281,401.6499938964844,397.1804504394531,570100,,67.87321411779654,55.957492175756975,,,,10,21,60,53,-60,-53,404.03333536783856,398.69556512333475,,,,,,,0
2022-01-20,401.489990234375,404.3999938964844,396.9800109863281,397.4100036621094,392.98760986328125,843900,,50.04759125666346,59.46504849512013,,,,10,21,60,53,-60,-53,399.59666951497394,398.859402285451,,,,,,,0
2022-01-21,399.760009765625,407.6000061035156,397.82000732421875,398.80999755859375,394.3720397949219,928100,,31.808237659192798,49.90968101121759,,,,10,21,60,53,-60,-53,401.4100036621094,399.32314799029797,,,,,,,0
2022-01-24,398.0,404.75,394.7300109863281,403.05999755859375,398.5747375488281,1303300,68.62910941244766,33.90085120862212,38.58556004149278,,,,10,21,60,53,-60,-53,400.84666951497394,399.6001519038754,,,,,,,0
2022-01-25,399.7099914550781,405.57000732421875,393.010009765625,403.17999267578125,398.69342041015625,987700,68.71503532038125,48.20077251460393,37.969953794139606,,,,10,21,60,53,-60,-53,400.586669921875,399.779518816239,,,,,,,0
2022-01-26,402.5199890136719,408.75,399.19000244140625,403.2300109863281,398.74285888671875,1111000,68.7534546177731,62.38301025967348,48.161544660966506,,,,10,21,60,53,-60,-53,403.7233378092448,400.4965768149673,,,,,,,0
2022-01-27,389.75,391.20001220703125,371.3599853515625,373.989990234375,369.8282470703125,1797900,38.77540270058292,45.22862351719372,51.937468763823695,,,,10,21,60,53,-60,-53,378.84999593098956,396.56083483606227,,,,,,,0
2022-01-28,370.45001220703125,380.739990234375,369.3399963378906,380.20001220703125,375.9691467285156,921000,44.327414927290555,33.173544820380584,46.92839286574925,,,,10,21,60,53,-60,-53,376.75999959309894,392.9606829737053,5.461779814915798,-197.74608191958754,,,,,0
2022-01-31,376.760009765625,378.1400146484375,366.8800048828125,369.8999938964844,365.78375244140625,1141900,38.14826404586425,13.934416064362198,30.778861467312154,,,,10,21,60,53,-60,-53,371.64000447591144,389.0841959741064,7.640400120966559,-152.2101043750763,,,,,0
2022-02-01,369.8900146484375,371.92999267578125,364.6199951171875,370.5799865722656,366.4561462402344,898400,38.75524659717576,16.091600836653324,21.066520573798687,,,,10,21,60,53,-60,-53,369.04332478841144,385.44040121307097,9.232523085274373,-118.40083346817318,,,,,0
2022-02-02,367.3999938964844,371.9200134277344,365.25,370.9800109863281,366.85174560546875,764800,39.133661677634244,14.882038869238135,14.969351923417873,,,,10,21,60,53,-60,-53,369.3833414713542,382.5209358054861,9.942536039612106,-88.09016319237098,,,,,0
2022-02-03,372.5,374.79998779296875,368.0,373.80999755859375,369.6502380371094,676100,41.870076035489944,31.48109948307628,20.818246396322568,,,,10,21,60,53,-60,-53,372.2033284505208,380.6450071954924,9.669652895132009,-58.20049479557059,,,,,0
2022-02-04,372.29998779296875,374.9200134277344,367.0,369.75,365.6354064941406,532400,39.150693962444564,39.62717860374324,28.663438985352542,,,,10,21,60,53,-60,-53,370.5566711425781,378.8107642767807,9.412278393144835,-58.463302149485806,,,,,0
2022-02-07,370.5400085449219,375.6000061035156,368.2099914550781,373.1600036621094,369.00750732421875,539800,42.52701688019037,57.57716801108959,42.89514869930303,,,,10,21,60,53,-60,-53,372.3233337402344,377.6312314519541,8.666027360158447,-40.832994490050915,,,,,0
2022-02-08,374.2900085449219,380.0,371.6600036621094,379.32000732421875,375.0989074707031,607500,48.126462379887016,70.37047540846886,55.85827400776722,,,,10,21,60,53,-60,-53,376.9933369954427,377.5152506416793,7.185279412172658,-4.84243424458839,,,,,0
2022-02-09,380.1099853515625,384.6700134277344,379.6199951171875,384.3599853515625,380.08282470703125,702800,52.22748133963435,90.47103813954,72.80622718636614,,,,10,21,60,53,-60,-53,382.8833312988281,378.49126530661545,6.677422426725389,43.84991404901078,,,,,0
2022-02-10,382.760009765625,386.3399963378906,379.92999267578125,382.0199890136719,377.76885986328125,906000,50.24147993090969,90.4327231370366,83.75807889501516,,,,10,21,60,53,-60,-53,382.76332600911456,379.26800361616074,6.098858784221468,38.2073927447615,,,,,0
2022-02-11,382.989990234375,401.2200012207031,380.260009765625,399.32000732421875,394.87640380859375,1772600,61.805265576698886,90.0508259578039,90.31819574479351,,,,10,21,60,53,-60,-53,393.6000061035156,381.87382225022526,7.12200879677945,109.76476055082391,,,,,0
2022-02-14,397.0,397.3399963378906,382.7799987792969,390.6000061035156,386.2533874511719,1709900,54.881912488801845,78.6600355554512,86.38119488343058,,,,10,21,60,53,-60,-53,390.24000040690106,383.39494555143904,7.071653534721736,64.5304507812106,,,,,0
2022-02-15,387.17999267578125,388.9200134277344,380.29998779296875,384.7699890136719,380.4882507324219,787600,50.7858053002064,60.71994383148877,76.47693511491464,,,,10,21,60,53,-60,-53,384.663330078125,383.6255609199274,5.974583648080982,11.579821226325613,,,,,0
2022-02-16,384.989990234375,394.260009765625,384.79998779296875,393.6600036621094,389.27935791015625,1086100,56.15908025961729,50.80201321788761,63.39399753494254,,,,10,21,60,53,-60,-53,390.9066670735677,384.94939840240744,5.9714354704590304,66.5085048157587,,,,,0
2022-02-17,392.7699890136719,401.3599853515625,391.4100036621094,398.1099853515625,393.6798095703125,887800,58.595947994832684,57.643364320024226,56.38844045646689,,,,10,21,60,53,-60,-53,396.9599914550781,387.1331425938021,6.672419723334844,98.18376010239548,,,,,0
2022-02-18,397.5,399.4700012207031,391.07000732421875,391.25,386.8961486816406,1472200,53.64559659482636,67.02730044887205,58.49089266226131,-1.8401935243175558,-5.287508918492638,3.4473153941750825,10,21,60,53,-60,-53,393.9300028483073,388.3689353673485,6.470355679266472,57.29790608759077,,,,,0
2022-02-22,394.8699951171875,396.510009765625,386.8800048828125,390.7300109863281,386.3819885253906,719200,53.278167632370476,62.038928874648725,62.23653121451502,-1.5442983871244564,-4.538866812219002,2.9945684250945455,10,21,60,53,-60,-53,391.3733418782552,388.91519109660425,5.740863879700012,28.545654837106653,,,,,0
2022-02-23,392.3999938964844,394.6000061035156,384.8399963378906,386.0799865722656,381.78369140625,666100,49.9813634348307,36.41637013837462,55.16086648729848,-1.6658149891675862,-3.9642564476087188,2.2984414584411326,10,21,60,53,-60,-53,388.5066630045573,388.84091326168664,4.757843221050797,-4.683498265915336,,,,,0
2022-02-24,395.6199951171875,402.8999938964844,389.989990234375,395.489990234375,391.0889892578125,1548300,55.92503849882554,38.74160609132073,45.732301701448044,-0.9913810947691104,-3.369681377040797,2.3783002822716868,10,21,60,53,-60,-53,396.1266581217448,390.16559414533356,4.976610631116334,79.85440183109912,,,,,0
2022-02-25,393.3399963378906,411.0799865722656,393.3399963378906,409.6700134277344,406.7257995605469,1260000,63.05037084107601,53.77538698231128,42.97778773733557,0.6794892606517351,-2.559847249502291,3.239336510154026,10,21,60,53,-60,-53,404.69666544596356,392.8076071090845,6.233419304891381,127.15395040139754,,,,,0
2022-02-28,414.30999755859375,442.94000244140625,413.92999267578125,442.1400146484375,438.96246337890625,2603800,73.58213192162293,84.07326113936341,58.8634180709985,4.571031781671138,-1.133671443267605,5.7047032249387435,10,21,60,53,-60,-53,433.0033365885417,400.1159215598949,11.079600345574182,197.88568782798427,9.51868087403076,9.51868087403076,,,0
2022-03-01,444.3299865722656,457.0899963378906,443.7200012207031,456.1000061035156,452.8221435546875,2236300,76.66206243744193,97.29316029207706,78.38060280458394,8.681487128952767,0.8293602711764696,7.852126857776298,10,21,60,53,-60,-53,452.30333455403644,409.6045421042843,16.82854436451563,169.15225117860288,24.03082362899186,24.03082362899186,,,0
2022-03-02,451.7699890136719,457.5400085449219,436.05999755859375,453.3900146484375,450.131591796875,1784400,74.8380283861647,97.03642316860079,92.80094820001376,11.5868133718144,2.980850891304056,8.605962480510344,10,21,60,53,-60,-53,448.9966735839844,416.76674782786614,19.628795526625193,109.46477659110708,31.797546625547792,31.797546625547792,,,0
2022-03-03,452.3999938964844,455.0899963378906,441.3699951171875,449.69000244140625,446.45819091796875,1426100,72.30837530972246,93.4195877183826,95.91639039302017,13.435865000027604,5.071853713048766,8.364011286978839,10,21,60,53,-60,-53,448.71666463216144,422.5758236104653,20.812803798456272,83.73320344801421,36.51896997304474,36.51896997304474,25.46650527540379,11.05246469764095,0
2022-03-04,454.1400146484375,472.94000244140625,450.010009765625,468.57000732421875,465.2025146484375,1675700,76.64626584325426,91.40782562198893,93.95461216965747,16.237534158082497,7.304989802055513,8.932544356026984,10,21,60,53,-60,-53,463.8400065104167,430.07840231954737,23.16713114253137,97.15374764692116,42.03122248885169,42.03122248885169,33.59464067910902,8.43658180974267,0
2022-03-07,472.4200134277344,490.82000732421875,471.95001220703125,477.95001220703125,474.5151062011719,2401800,78.45226453838204,85.62150666593753,90.14964000210306,18.995793470195053,9.643150535683422,9.352642934511632,10,21,60,53,-60,-53,480.24001057942706,439.19869473043457,26.416982907342486,103.57305877294877,47.625934878315064,47.625934878315064,39.49341849143982,8.132516386875245,0
2022-03-08,476.1600036621094,477.7900085449219,448.20001220703125,449.2099914550781,445.98162841796875,2448200,62.50329264511896,64.36860160843074,80.46597796545242,18.647695338843164,11.44405949631537,7.2036358425277935,10,21,60,53,-60,-53,458.40000406901044,442.6898418829029,24.470288230754313,42.800646067756496,47.187272259173376,47.187272259173376,43.34084989984621,3.846422359327164,0
2022-03-09,441.5199890136719,456.8399963378906,437.45001220703125,449.9200134277344,446.6865539550781,1730700,62.70501177112069,41.29217022393994,63.76075949943609,18.21909946350769,12.799067489753835,5.420031973753854,10,21,60,53,-60,-53,448.07000732421875,443.668053781324,20.82150010568894,14.094256803626596,44.17881630866913,44.17881630866913,45.25581148375231,-1.0769951750831837,0
2022-03-10,450.489990234375,463.1199951171875,441.8399963378906,444.6099853515625,441.4147033691406,1442900,60.10098614121261,20.264927245317327,41.975233025896024,17.252087925889157,13.6896715769809,3.5624163489082576,10,21,60,53,-60,-53,449.8566589355469,444.7932547184554,17.956391762307586,18.79889265102849,41.871550521610885,41.871550521610885,45.21589349194211,-3.344342970331226,0
2022-03-11,447.67999267578125,449.8599853515625,435.69000244140625,436.29998779296875,433.1643981933594,1175900,56.16970666762238,12.6291224517325,24.728739973663277,15.634947025065003,14.07872666659772,1.5562203584672822,10,21,60,53,-60,-53,440.6166585286458,444.0338735930355,15.312905089958873,-14.87727745242556,36.712566160334845,36.712566160334845,42.48755131244705,-5.774985152112208,0
2022-03-14,439.29998779296875,442.6499938964844,431.2300109863281,441.4200134277344,438.24761962890625,913600,57.99289283870313,12.135973906242468,15.010007867764118,14.59821534969899,14.182624403217975,0.41559094648101436,10,21,60,53,-60,-53,438.43333943684894,443.01559465554703,13.361877840638732,-22.862331544256712,31.29666636900834,31.29666636900834,38.514899839905794,-7.218233470897456,0
2022-03-15,443.5400085449219,448.3699951171875,436.8699951171875,447.82000732421875,444.6016540527344,827500,60.22035168033295,25.004928723899525,16.59000836062485,14.130140583252,14.17212763922478,-0.041987055972779075,10,21,60,53,-60,-53,444.35333251953125,443.25881972172596,11.131447832850833,6.555078993259659,29.047431153031187,29.047431153031187,34.73205355099631,-5.684622397965125,0
2022-03-16,430.4200134277344,443.1099853515625,416.2300109863281,424.42999267578125,421.37969970703125,1878000,49.822412282714886,30.465347121041532,22.535416583727862,11.736517981365466,13.685005707652916,-1.9484877262874498,10,21,60,53,-60,-53,427.92332967122394,440.47054880345286,11.388860796374122,-73.4473175533271,19.729726725180434,19.729726725180434,29.196597601888698,-9.466870876708263,0
2022-03-17,431.0400085449219,434.989990234375,424.6199951171875,428.79998779296875,425.7182922363281,978400,51.50709206386931,35.62919910815956,30.366491651033556,10.076026744433818,12.963209915009097,-2.8871831705752786,10,21,60,53,-60,-53,429.46999104817706,438.4704473934027,10.954605441619853,-54.77426149328448,12.95663688713817,12.95663688713817,23.25761528358953,-10.30097839645136,0
2022-03-18,428.0400085449219,433.4100036621094,424.3500061035156,427.95001220703125,424.87445068359375,1826100,51.14739138553651,30.443496903219806,32.17934771080699,8.592441235772299,12.089056179161737,-3.4966149433894387,10,21,60,53,-60,-53,428.57000732421875,436.6703673808238,10.435651735253524,-51.747990204518835,7.074398060623897,7.074398060623897,17.20204820649342,-10.127650145869522,0
2022-03-21,435.239990234375,448.2699890136719,432.1099853515625,446.6000061035156,443.3904113769531,1293500,58.06707596479228,56.1118872852496,40.728194432209676,8.819917159637157,11.435228375256822,-2.6153112156196645,10,21,60,53,-60,-53,442.32666015625,437.6987842490831,9.379692493783233,32.892875825330336,9.421532402869937,9.421532402869937,12.295573518953107,-2.87404111608317,0
2022-03-22,447.1099853515625,448.0,438.5400085449219,446.29998779296875,443.092529296875,741300,57.92493546161266,74.9365961168099,53.83066010175978,8.873694076243908,10.922921515454238,-2.0492274392103305,10,21,60,53,-60,-53,444.2799987792969,438.89536870912195,8.65331750767263,41.484128797235165,12.336313893266777,12.336313893266777,10.447220310974693,1.8890935822920838,0
2022-03-23,448.0,452.0,442.5199890136719,446.9200134277344,443.7080993652344,587100,58.152916984177395,89.99061129866875,73.6796982335761,8.864163003694955,10.51116981310238,-1.6470068094074257,10,21,60,53,-60,-53,447.14666748046875,440.3956048493668,8.307452984659779,54.17675464484077,16.139990325228048,16.139990325228048,11.243058670497163,4.896931654730885,0
2022-03-24,446.989990234375,455.1400146484375,446.0799865722656,454.57000732421875,451.3031311035156,665100,60.96341210232153,91.20922831474246,85.37881191007371,9.365935459922355,10.282122942466376,-0.9161874825440215,10,21,60,53,-60,-53,451.9300028483073,442.49276812190146,8.512867846795428,73.90564414755079,21.39141339998466,21.39141339998466,14.822312505337354,6.569100894647306,0
2022-03-25,453.3599853515625,460.42999267578125,453.3599853515625,458.17999267578125,454.8871765136719,480000,62.25178935654681,90.61044802197235,90.60342921179453,9.940303760397,10.213759106052501,-0.2734553456555009,10,21,60,53,-60,-53,457.3233235677083,445.1892327484118,9.171272023613803,88.20361950559055,27.465250318676105,27.465250318676105,19.333241984288897,8.132008334387208,0
2022-03-28,453.8599853515625,455.79998779296875,444.6000061035156,446.79998779296875,443.5889587402344,661200,55.97955427400434,75.97929028205671,85.93298887292384,9.369220942363313,10.044851473314663,-0.6756305309513504,10,21,60,53,-60,-53,449.06666056315106,445.89421962381897,8.08057546283531,26.173391189138126,27.3478085796272,27.3478085796272,23.086115655879002,4.261692923748196,0
2022-03-29,434.69000244140625,450.6099853515625,431.3800048828125,446.30999755859375,443.10247802734375,893800,55.71923561556481,60.394429643479334,75.66138931583613,8.775932095379801,9.791067597727691,-1.0151355023478903,10,21,60,53,-60,-53,442.76666259765625,445.32557289178936,7.076636341253092,-24.10665341306296,22.670130216655366,22.670130216655366,24.71865062873583,-2.048520412080464,0
2022-03-30,449.489990234375,456.489990234375,448.489990234375,453.3299865722656,450.072021484375,624000,58.68360279700653,54.89585040935424,63.75652344496344,8.77109315259014,9.58707270870018,-0.8159795561100402,10,21,60,53,-60,-53,452.7699890136719,446.679103095768,6.897408991553229,58.871245954946524,25.9611407383182,25.9611407383182,25.861082463319214,0.10005827499898601,0
2022-03-31,449.9700012207031,457.92999267578125,446.70001220703125,447.2200012207031,444.0059509277344,648000,55.21869677433493,60.493393983324786,58.5945580120528,8.179940241703378,9.30564621530082,-1.1257059735974426,10,21,60,53,-60,-53,450.6166687011719,447.39502411493237,6.229088190587098,34.47957376391833,26.735543740645486,26.735543740645486,25.678655818811556,1.0568879218339298,0
2022-04-01,446.5799865722656,454.8599853515625,444.05999755859375,454.7900085449219,451.52154541015625,699200,58.48893493061556,72.7531166274966,62.71412034005855,8.227442787622067,9.090005529765069,-0.8625627421430018,10,21,60,53,-60,-53,451.2366638183594,448.09350406101,5.668010293634788,36.96958420463918,27.665911055554005,27.665911055554005,25.758181437793258,1.9077296177607472,0
2022-04-04,455.42999267578125,456.54998779296875,444.3699951171875,452.2900085449219,449.03948974609375,713300,57.00829619484789,73.81903764502505,69.02184941861549,7.971469650804806,8.866298353973017,-0.8948287031682103,10,21,60,53,-60,-53,451.0699971516927,448.6346846229523,5.080247063653987,31.95792774415155,28.056094390881054,28.056094390881054,27.10467248134968,0.9514219095313727,0
2022-04-05,450.489990234375,463.5,450.489990234375,454.010009765625,450.7471618652344,576200,57.79981847282612,72.70453614169857,73.09223013807342,7.8172860124906265,8.656495885676538,-0.8392098731859114,10,21,60,53,-60,-53,456.0,449.9738328733246,5.252232529657876,76.49023017224654,32.45919764373246,32.45919764373246,28.72918670770325,3.7300109360292097,0
2022-04-06,455.0,466.4200134277344,454.8800048828125,461.4599914550781,458.1435852050781,806400,61.13732631969082,69.25258162319516,71.9253851366396,8.201701518810637,8.565537012303357,-0.3638354934927204,10,21,60,53,-60,-53,460.9200032552083,451.96404567003077,5.9256370852069065,100.75943403661691,38.66831004308559,38.66831004308559,31.712378283313278,6.955931759772312,0
2022-04-07,460.0,472.6400146484375,459.0299987792969,470.7699890136719,467.3866882324219,761600,64.87579327328656,74.1525032825953,72.03654034916303,9.152092942751892,8.682848198393064,0.46924474435882857,10,21,60,53,-60,-53,467.48000081380206,454.7851284234437,7.1564071406889855,118.2611343074605,45.90402133984695,45.90402133984695,36.27190585438652,9.632115485460432,0
2022-04-08,472.760009765625,477.260009765625,459.3500061035156,463.6600036621094,460.3277893066406,909500,60.119384028417365,76.64145712527976,73.34884734369011,9.22522593411685,8.79132374553782,0.4339021885790295,10,21,60,53,-60,-53,466.7566731770833,456.96177292410545,7.636133161105146,85.51361486525198,49.50489347852013,49.50489347852013,41.63410562629629,7.870787852223842,0
2022-04-11,466.3800048828125,470.95001220703125,461.70001220703125,462.1400146484375,458.8187255859375,869000,59.12145857607584,65.20861548101175,72.00085862962896,9.056140397097124,8.844287075849682,0.2118533212474425,10,21,60,53,-60,-53,464.9300130208333,458.41054385078326,7.433103344549676,58.47238466313409,50.320119949848674,50.320119949848674,46.09933620282534,4.220783747023333,0
2022-04-12,463.30999755859375,466.67999267578125,459.32000732421875,463.2799987792969,459.95050048828125,632600,59.66226043436523,46.56748197243855,62.80585152624337,8.91140099936274,8.857709860552294,0.053691138810446404,10,21,60,53,-60,-53,463.0933329264323,459.2619600463558,6.778243260100011,37.68304690026704,49.17129512715943,49.17129512715943,48.7250824738438,0.44621265331563364,0
2022-04-13,468.0,470.05999755859375,460.3299865722656,464.5199890136719,461.18157958984375,563000,60.2778338414916,37.05584115595672,49.610646203135694,8.795363358872976,8.84524056021643,-0.0498772013434543,10,21,60,53,-60,-53,464.96999104817706,460.29978386486874,6.394963973410612,48.68630172873952,49.12720481821217,49.12720481821217,49.5308783434351,-0.40367352522292776,0
2022-04-14,468.4800109863281,470.25,463.3399963378906,467.20001220703125,463.84234619140625,1120300,61.64036889880967,37.19093753649096,40.271420221628766,8.818009640479545,8.839794376269053,-0.021784735789507792,10,21,60,53,-60,-53,466.9300028483073,461.50527822549395,6.218556818756566,58.156308405311115,49.94803241703935,49.94803241703935,49.6416630780649,0.3063693389744486,0
2022-04-18,467.20001220703125,473.3699951171875,462.0799865722656,465.5799865722656,462.2339782714844,569300,60.29402181841339,39.531462386187194,37.92608035954498,8.606029501181638,8.79304140125157,-0.1870119000699315,10,21,60,53,-60,-53,467.00998942057294,462.5061348064174,5.9067927815563825,50.83248818454782,50.02843748681285,50.02843748681285,49.56874246230595,0.4596950245068996,0
2022-04-19,465.70001220703125,473.8500061035156,463.4800109863281,464.4100036621094,461.0724182128906,542500,59.28687524470669,41.170070762604176,39.29749022842747,8.24854181515309,8.684141484031873,-0.4355996688787833,10,21,60,53,-60,-53,467.2466735839844,463.3680509477932,5.538034573308159,46.69072375586186,49.7250089658173,49.7250089658173,49.707170921970416,0.017838043846886364,0
2022-04-20,465.9100036621094,469.1300048828125,462.4800109863281,463.3999938964844,460.0696716308594,603500,58.380276092536874,34.097707086463494,38.26641341175164,7.793887814138941,8.506090750053286,-0.7122029359143447,10,21,60,53,-60,-53,465.0033365885417,463.6653756097475,4.77438482885107,18.68249036970549,46.90296182071623,46.90296182071623,49.15111017259643,-2.2481483518802037,0
2022-04-21,464.6499938964844,465.5299987792969,443.0299987792969,443.45001220703125,440.2630615234375,947900,44.05125193557098,19.70028827052839,31.656022039865373,5.75740664935222,7.956353929913073,-2.198947280560853,10,21,60,53,-60,-53,450.6700032552083,461.30258063619493,5.839510747421169,-121.38662342197249,31.603908616835437,31.603908616835437,44.56507922254546,-12.96117060571002,0
2022-04-22,443.739990234375,456.6600036621094,443.6700134277344,447.3999938964844,444.18463134765625,727000,46.83368237729231,12.749667310430723,22.18255422247422,4.411359755879118,7.247355095106282,-2.8359953392271633,10,21,60,53,-60,-53,449.2433369954427,459.1099908833309,6.571718591142451,-100.0920713108113,19.63154680523119,19.63154680523119,36.965856552150036,-17.334309746918848,0
2022-04-25,443.989990234375,445.0,434.1499938964844,444.0199890136719,440.82891845703125,608200,44.78139357169838,13.467773660987435,15.305909747315532,3.036862686228517,6.405256613330729,-3.368393927102212,10,21,60,53,-60,-53,441.05666097005206,455.82756726273476,8.062479991422496,-122.13699596482435,6.7434974624988655,6.7434974624988655,26.22047867632043,-19.476981213821563,0
2022-04-26,444.67999267578125,452.4800109863281,440.4100036621094,442.510009765625,439.3298034667969,614300,43.85679046088595,20.979978402598373,15.732473124672191,1.8049152108890212,5.485188332842387,-3.680273121953366,10,21,60,53,-60,-53,445.1333414713542,453.88316257339284,8.187451102443616,-71.24578815847579,-0.34643759395337614,-0.34643759395337614,14.408128822653028,-14.754566416606405,0
2022-04-27,444.17999267578125,450.69000244140625,439.7699890136719,439.7699890136719,436.6094665527344,838400,42.15587243337174,22.223442696773912,18.890398253453256,0.6005682091323479,4.5082643081003795,-3.9076960989680316,10,21,60,53,-60,-53,443.4099934895833,451.9789500127002,8.256815724384207,-69.18693444020103,-6.604664579975889,-6.604664579975889,4.8559855234501965,-11.460650103426087,0
2022-04-28,437.0,449.7799987792969,432.3900146484375,445.1700134277344,441.970703125,1112400,46.555127456856304,31.488835953839054,24.897419017737132,0.08091859452878225,3.62279516538606,-3.5418765708572777,10,21,60,53,-60,-53,442.44667561848956,450.2458092137528,8.173600791816758,-63.61238491177251,-11.787184610139217,-11.787184610139217,-2.998697330392405,-8.788487279746812,0
2022-04-29,447.6099853515625,449.3399963378906,438.0299987792969,439.3999938964844,436.24212646484375,945600,42.8086935068877,35.15332786020011,29.621868836937708,-0.787422901964419,2.740751551915964,-3.528174453880383,10,21,60,53,-60,-53,442.2566630045573,448.79323717571725,7.875959588060973,-55.32933562422554,-15.745561975056155,-15.745561975056155,-8.62096218978116,-7.124599785274995,0
2022-05-02,437.1199951171875,444.6300048828125,431.9200134277344,438.6199951171875,435.46771240234375,759900,42.312985930049685,40.04598962723832,35.56271781375918,-1.5209960807338803,1.8884020253859952,-3.4093981061198755,10,21,60,53,-60,-53,438.39000447591144,446.9017403212071,7.991555271194556,-71.00608543601105,-20.769245926052054,-20.769245926052054,-13.72666427280583,-7.0425816532462235,0
2022-05-03,444.45001220703125,453.2300109863281,439.69000244140625,451.25,448.0069885253906,1076000,52.004439696532614,52.72962766512254,42.64298171752034,-1.0708778560043015,1.2965460491079357,-2.367423905112237,10,21,60,53,-60,-53,448.0566711425781,447.11172774327457,6.710353112668919,9.387915294845245,-18.02768581506139,-18.02768581506139,-16.582419581577206,-1.4452662334841833,0
2022-05-04,453.57000732421875,464.0,450.2699890136719,462.57000732421875,459.2456359863281,792100,58.70135151479744,72.94613777574295,55.24058502270129,0.1970031363113094,1.0766374665486105,-0.8796343302373011,10,21,60,53,-60,-53,458.94666544596356,449.2635345983089,7.250858155393596,89.02974553848067,-8.295192055648474,-8.295192055648474,-15.709421442954518,7.414229387306044,0
2022-05-05,463.239990234375,470.2300109863281,457.1499938964844,466.6600036621094,463.3062438964844,1559700,60.82806708709935,92.3107381421308,72.66216786099879,1.5143796542670884,1.1641859040923062,0.35019375017478227,10,21,60,53,-60,-53,464.6800028483073,452.0665288255814,8.225879222181295,102.22594393487148,1.7521839434897029,1.7521839434897029,-11.334984963318053,13.087168906807756,0
2022-05-06,464.3800048828125,469.4599914550781,457.67999267578125,468.70001220703125,465.3315734863281,925400,61.88243568797601,94.076649047602,86.44450832182527,2.6919900903884013,1.4697467413515253,1.222243349036876,10,21,60,53,-60,-53,465.2799987792969,454.4689779080751,8.695904976552294,82.88208377293839,9.127629382530493,9.127629382530493,-3.8607661361724164,12.988395518702909,0
2022-05-09,465.9599914550781,466.9200134277344,452.3500061035156,453.9800109863281,450.7173767089844,880700,51.178050193719784,77.82621356592558,88.07120025188614,2.4096962880867636,1.657736650698573,0.7519596373881907,10,21,60,53,-60,-53,457.75001017252606,455.0655292288844,7.602918788750365,23.539038258252184,10.437757462141557,10.437757462141557,3.25559468312832,7.182162779013236,0
2022-05-10,452.45001220703125,456.3500061035156,447.1400146484375,449.9700012207031,446.7361755371094,924000,48.706315318760026,51.68456932889993,74.5291439808092,1.8411781848878945,1.6944249575364372,0.14675322735145735,10,21,60,53,-60,-53,451.15334065755206,454.3542222159149,6.802548383225358,-31.36943566870703,6.637103541155321,6.637103541155321,6.988668582329268,-0.3515650411739468,0
2022-05-11,449.67999267578125,458.3699951171875,445.07000732421875,446.4800109863281,443.2712707519531,805100,46.59700899360387,21.55052921895742,50.35377070459433,1.0963721516066016,1.5748143963504702,-0.47844224474386854,10,21,60,53,-60,-53,449.9733378092448,453.55769777833854,6.217423217019607,-38.43349936655301,2.5397760040909274,2.5397760040909274,7.185566597479574,-4.6457905933886465,0
2022-05-12,448.1199951171875,450.9100036621094,442.70001220703125,450.7799987792969,447.54034423828125,942000,49.49891146649528,16.018257412959088,29.751118653605502,0.8433593608497745,1.428523389250331,-0.5851640284005566,10,21,60,53,-60,-53,448.1300048828125,452.5708445246065,5.894408021524044,-50.226583405580634,-2.2571657604246687,-2.2571657604246687,4.339367811740783,-6.596533572165452,0
2022-05-13,451.7300109863281,454.45001220703125,447.3399963378906,452.8299865722656,449.5755920410156,576900,50.86959228326249,25.87442350684317,21.14773671291991,0.7990508232474554,1.302628876049756,-0.5035780528023006,10,21,60,53,-60,-53,451.5399983723958,452.38341795147727,4.976046486534482,-11.299728025234572,-3.079216875407387,-3.079216875407387,0.9601242273535473,-4.039341102760934,0
2022-05-16,453.6700134277344,461.32000732421875,452.95001220703125,458.0799865722656,454.78790283203125,586600,54.29118468307528,51.539454251478105,31.144045057093475,1.1740335835505675,1.2769098175499183,-0.10287623399935075,10,21,60,53,-60,-53,457.4500020345052,453.30461505748235,4.825017484805092,57.27629644282754,2.407647971704879,2.407647971704879,-0.09723966500906323,2.504887636713942,0
2022-05-17,458.5799865722656,462.2099914550781,453.4800109863281,459.2799987792969,455.9792785644531,580900,55.0615679891143,69.80205056197796,49.071976106766435,1.5501716648782349,1.3315621870155816,0.21860947786265328,10,21,60,53,-60,-53,458.3233337402344,454.21710936343726,4.694327828803642,58.31469419472556,7.490106719252214,7.490106719252214,1.1403430137812585,6.349763705470956,0
2022-05-18,459.2300109863281,462.2799987792969,451.260009765625,454.8699951171875,451.6009826660156,758100,51.61846544877071,76.57884579352391,65.97345020232667,1.4754058049538799,1.3603309106032413,0.11507489435063856,10,21,60,53,-60,-53,456.1366678873698,454.56612000415225,4.126367838697081,25.374178044089334,9.115931385146498,9.115931385146498,3.98361730017405,5.132314084972448,0
2022-05-19,449.3800048828125,453.3900146484375,439.20001220703125,448.5,445.2767333984375,758600,47.04255884561569,62.47729859924535,69.6193983182491,0.89186706426932,1.2666381413364571,-0.3747710770671371,10,21,60,53,-60,-53,447.03000895182294,453.19591799463785,4.497193512173051,-91.40380589397914,-0.02222654931946977,-0.02222654931946977,4.747864881696029,-4.770091431015499,0
2022-05-20,450.17999267578125,450.8900146484375,437.5199890136719,443.3299865722656,440.1438903808594,636900,43.65965526650746,41.97168706424244,60.3426104856706,0.012092141414939306,1.0157289413521535,-1.0036367999372142,10,21,60,53,-60,-53,443.913330078125,451.5081747370901,5.0604028115897846,-100.05586434833079,-9.116193621956862,-9.116193621956862,1.8669044832805937,-10.983098105237456,0
2022-05-23,446.6499938964844,458.2699890136719,446.29998779296875,456.7699890136719,453.4873046875,561400,53.10137586614502,47.16872660688574,50.53923742345787,0.3948089391606686,0.8915449409138565,-0.4967360017531879,10,21,60,53,-60,-53,453.7799886067708,451.92123180430474,4.478285355385474,27.670661945511224,-5.771934024914309,-5.771934024914309,-1.448605702761037,-4.323328322153271,0
2022-05-24,455.5799865722656,472.44000244140625,455.5799865722656,471.1000061035156,467.7143249511719,794100,60.669571746787454,65.79141711675358,51.643943595960614,1.8332943013802492,1.079894813007135,0.7533994883731141,10,21,60,53,-60,-53,466.3733317057292,454.54888633183646,5.813950813295884,135.58703600600919,7.078881432442374,7.078881432442374,-1.9578681909370679,9.036749623379443,0
2022-05-25,471.1400146484375,474.4200134277344,467.1600036621094,467.6199951171875,464.25933837890625,594300,58.21277540028811,85.16026073174645,66.04013481846194,2.661812790803822,1.3962784085664723,1.2655343822373495,10,21,60,53,-60,-53,469.73333740234375,457.3096956173832,7.015712808144,118.05540054356155,17.167655897089574,17.167655897089574,2.339602420665193,14.828053476424381,0
2022-05-26,470.7300109863281,476.489990234375,466.6300048828125,467.42999267578125,464.0707092285156,760400,58.07449935425084,84.82860064583132,78.59342616477714,3.2654460246183135,1.7701119317768406,1.495334092841473,10,21,60,53,-60,-53,470.18332926432294,459.6503562804632,7.655214658274134,91.72808735872768,23.945876939056674,23.945876939056674,10.605120060918576,13.340756878138098,0
2022-05-27,466.1499938964844,471.04998779296875,462.5799865722656,470.760009765625,469.1130065917969,646000,59.87350226961389,79.78113468907704,83.25666535555162,3.9668073742369643,2.2094510202688653,1.757356353968099,10,21,60,53,-60,-53,468.12999471028644,461.19210872224926,7.5247912636855965,61.4669186596506,27.35688073183794,27.35688073183794,18.88732375010664,8.469556981731301,0
2022-05-31,465.9700012207031,468.69000244140625,456.8399963378906,467.9700012207031,466.332763671875,1762600,57.64180671171675,72.34187697876878,78.98387077122572,4.248536440876137,2.6172681043903196,1.6312683364858174,10,21,60,53,-60,-53,464.5,461.7935435000221,6.648730397556922,27.137577032475033,27.336944031895857,27.336944031895857,23.95183939997001,3.3851046319258487,0
2022-06-01,467.7799987792969,471.9100036621094,458.760009765625,464.25,462.6257629394531,798600,54.7134971004375,59.32807692234536,70.4836961967304,4.12409573826244,2.918633631164744,1.2054621070976963,10,21,60,53,-60,-53,464.9733378092448,462.3716879198808,5.9128975778854835,29.333050957332162,27.518408297844612,27.518408297844612,26.53952750015877,0.9788807976858429,0
2022-06-02,466.07000732421875,467.0,449.69000244140625,462.8699951171875,461.2505798339844,1151400,53.625143300498266,48.714352906857584,60.128102269323925,3.869515359656816,3.1088099768631583,0.7607053827936578,10,21,60,53,-60,-53,459.85333251953125,461.91380511981725,5.212456672867397,-26.35318596202392,22.620990637856565,22.620990637856565,26.20830592485874,-3.587315287002177,0
2022-06-03,462.1700134277344,478.6000061035156,462.1700134277344,478.3699951171875,476.69635009765625,872400,62.61927265999044,62.03114773182573,56.6911925203429,4.862427993402775,3.459533580171082,1.4028944132316936,10,21,60,53,-60,-53,473.0466715494792,463.93796265248307,5.920866168163529,102.5605447839553,29.88822283295645,29.88822283295645,26.841141450138366,3.047081382818085,0
2022-06-06,479.2699890136719,483.94000244140625,477.4599914550781,478.8599853515625,477.18463134765625,586500,62.86446485716615,77.85044083194875,62.865313823544035,5.6240262522889,3.892432114594645,1.7315941376942545,10,21,60,53,-60,-53,480.08665974934894,466.87408939736775,7.246630565221285,121.55139075156028,38.221238098284076,38.221238098284076,29.56221496673542,8.659023131548654,0
2022-06-07,478.79998779296875,492.29998779296875,476.69000244140625,492.05999755859375,490.3384704589844,742900,68.80143779709297,94.60299920272264,78.16152925549905,7.20962100437265,4.5558698925502465,2.6537511118224035,10,21,60,53,-60,-53,487.01666259765625,470.53637543378386,8.925477219521486,123.09546973262331,45.93707733776946,45.93707733776946,34.16688222671663,11.770195111052828,0
2022-06-08,487.82000732421875,491.5400085449219,472.05999755859375,472.45001220703125,470.7970886230469,853000,54.78790339890054,79.3397802146631,83.93107341644485,6.8054058561156126,5.00577708526332,1.7996287708522924,10,21,60,53,-60,-53,478.68333943684894,472.0176416161593,8.514608237915692,52.19028783189462,46.50555101905356,46.50555101905356,40.13802232201588,6.3675286970376845,0
2022-06-09,470.260009765625,471.25,462.42999267578125,462.9200134277344,461.3004455566406,843500,49.51019857344681,51.780240952021764,75.24100678980251,5.650930770601519,5.13480782233096,0.5161229482705592,10,21,60,53,-60,-53,465.53333536783856,470.83867684373735,7.931105190276254,-44.595226420678216,38.223662160896126,38.223662160896126,42.221882154000795,-3.9982199931046694,0
2022-06-10,459.3500061035156,465.8399963378906,453.0,463.82000732421875,462.197265625,964400,50.00004666155304,27.811927333023885,52.9773161665696,4.753823811919972,5.058611020248763,-0.3047872083287908,10,21,60,53,-60,-53,460.8866678873698,469.02922066985235,7.969550207041033,-68.11386314950506,28.556614405405107,28.556614405405107,39.805726230781055,-11.249111825375948,0
2022-06-13,459.7699890136719,465.760009765625,457.55999755859375,460.67999267578125,459.0682373046875,1328000,48.2414943170698,16.521007165555343,32.03772515020035,3.7463021052494696,4.796149237248904,-1.0498471319994342,10,21,60,53,-60,-53,461.3333333333333,467.6299684268489,7.66538382276368,-54.762511911594444,20.982148376586963,20.982148376586963,33.56699399048543,-12.584845613898466,0
2022-06-14,459.9700012207031,462.9599914550781,448.5400085449219,454.4599914550781,452.8700256347656,818500,44.87460378390774,20.280402695635882,21.537779064738388,2.418057911702192,4.3205309721395615,-1.9024730604373694,10,21,60,53,-60,-53,455.3199971516927,465.39179183136594,8.10291306947451,-82.86562781654378,11.541441449938713,11.541441449938713,24.825966598206715,-13.284525148268003,0
2022-06-15,456.260009765625,462.6499938964844,447.69000244140625,458.45001220703125,456.8460693359375,874400,47.410194634273935,26.326682882915946,21.042697581369072,1.668146789714683,3.790054135654586,-2.1219073459399027,10,21,60,53,-60,-53,456.2633361816406,463.73207262232495,7.9876082278762945,-62.336027069353605,4.825307948184865,4.825307948184865,16.476378045028902,-11.651070096844037,0
2022-06-16,454.6499938964844,458.739990234375,447.57000732421875,449.0199890136719,447.44903564453125,1055200,42.44151884764164,22.458162989881142,23.021749522811007,0.3093468036193485,3.0939126692475383,-2.7845658656281898,10,21,60,53,-60,-53,451.7766621907552,461.5583616347668,8.31380663080999,-78.4373903827383,-2.744028263717241,-2.744028263717241,8.651217377748315,-11.395245641465557,0
2022-06-17,447.0,451.739990234375,436.07000732421875,443.92999267578125,442.3768615722656,1368400,40.004456246316956,26.693531819796334,25.15945923086449,-1.1648049936787856,2.242169136662273,-3.406974130341059,10,21,60,53,-60,-53,443.913330078125,458.35017407901375,9.427086152642493,-102.09477787111686,-11.775914591662662,-11.775914591662662,0.46170163568590894,-12.237616227348571,0
2022-06-21,448.6400146484375,464.7799987792969,448.6199951171875,463.7699890136719,462.1474304199219,780500,51.65694431109685,43.63064934363913,30.927448051105547,-0.723815326503086,1.6489722440292014,-2.3727875705322874,10,21,60,53,-60,-53,459.05666097005206,458.4786262410207,7.818167711985921,4.928987202846924,-10.257287155798155,-10.257287155798155,-4.987980515748308,-5.269306640049846,0
2022-06-22,454.2200012207031,464.010009765625,453.010009765625,458.6099853515625,457.0054931640625,539800,48.99182651254617,67.15490420359058,45.82636178900869,-0.7816862175564552,1.1628405517120701,-1.9445267692685253,10,21,60,53,-60,-53,458.5433349609375,458.49039146282377,6.406308764009159,0.5509516745032379,-9.274719989407119,-9.274719989407119,-8.512987500146304,-0.7617324892608153,0
2022-06-23,458.45001220703125,460.6499938964844,449.45001220703125,456.239990234375,454.6437683105469,614400,47.77269771956456,81.74847739810022,64.17801031510999,-1.0071779937692895,0.7288368426157983,-1.7360148363850878,10,21,60,53,-60,-53,455.44666544596356,457.93698673248554,5.694311040829671,-29.15566394442609,-11.08207853077248,-11.08207853077248,-10.597500066910113,-0.48457846386236625,0
2022-06-24,460.0,464.4100036621094,455.6000061035156,463.70001220703125,462.07769775390625,807800,51.835540243601095,81.66723180717054,76.85687113628713,-0.577266060005968,0.467616262091445,-1.044882322097413,10,21,60,53,-60,-53,461.23667399088544,458.5369298703764,5.149844328044098,34.949200384009565,-6.897416811246839,-6.897416811246839,-9.377875621806158,2.480458810559319,0
2022-06-27,461.3800048828125,468.8800048828125,461.2799987792969,466.82000732421875,465.1867980957031,542600,53.465968039334555,85.44157231492396,82.95242717339825,0.015026559099965198,0.37709832149314904,-0.36207176239318384,10,21,60,53,-60,-53,465.6600036621094,459.832034196146,5.27313980766578,73.68120548711151,0.42791248860392006,0.42791248860392006,-6.70657571070564,7.13448819930956,0
2022-06-28,468.1300048828125,473.82000732421875,464.1700134277344,464.6700134277344,463.0443115234375,583200,52.15574560407442,82.84144765389941,83.31675059199797,0.30739275544232214,0.36315720828298365,-0.055764452840661505,10,21,60,53,-60,-53,467.5533447265625,461.2359088380399,5.46301182236702,77.0934433719917,7.397506205275536,7.397506205275536,-2.5385191620349756,9.936025367310512,0
2022-06-29,468.0,468.0,459.32000732421875,461.80999755859375,460.1943054199219,586900,50.386855892382634,67.66803295670404,78.65035097517581,0.30480212477692703,0.3514861915817723,-0.04668406680484527,10,21,60,53,-60,-53,463.0433349609375,461.5645317694758,4.738610253111503,20.80501965023263,8.616371063908,8.616371063908,2.386093236635144,6.230277827272856,0
2022-06-30,458.1099853515625,480.04998779296875,458.1099853515625,478.57000732421875,476.89569091796875,1355000,59.133750399800654,69.03960196503975,73.18302752521441,1.636279735903429,0.6084449004461037,1.0278348354573252,10,21,60,53,-60,-53,472.2433268229167,463.50613087010146,5.465625834875817,106.57146094248075,17.52137923468734,17.52137923468734,8.490792248118689,9.030586986568652,0
2022-07-01,478.57000732421875,487.8999938964844,473.6300048828125,486.3699951171875,484.6683654785156,607000,62.45157345215253,79.84300186584211,72.18354559586197,3.2830343863857934,1.1433627976340417,2.1396715887517517,10,21,60,53,-60,-53,482.6333312988281,466.9838036753245,7.317244341899054,142.58124955495722,28.890458354711875,28.890458354711875,15.606428714645677,13.284029640066198,0
2022-07-05,479.05999755859375,480.20001220703125,455.4599914550781,464.3599853515625,462.7353820800781,1254400,50.09281439837222,72.08206791654582,73.6548905824759,2.7800290242763595,1.4706960429625053,1.3093329813138541,10,21,60,53,-60,-53,466.67332967122394,466.92735385639713,6.0330224952216245,-2.807041692887106,26.008867441293784,26.008867441293784,20.25926902365024,5.7495984176435435,0
2022-07-06,464.8900146484375,484.9599914550781,463.489990234375,481.8699951171875,480.1841125488281,899600,57.32765299672891,67.90371351146224,73.27626109795006,3.751065157496612,1.9267698658693266,1.8242952916272852,10,21,60,53,-60,-53,476.77332560221356,468.71753053745465,6.400799326046585,83.90405275351262,31.272066106040953,31.272066106040953,25.923192784183477,5.348873321857475,0
2022-07-07,480.0,486.8599853515625,478.510009765625,479.3800048828125,477.7028503417969,612700,56.082594369166664,60.861083568361344,66.9489549987898,4.270469571864339,2.395509807068329,1.8749597647960101,10,21,60,53,-60,-53,481.5833333333333,471.0567674094326,7.150938707474607,98.13691464868039,37.35068870082635,37.35068870082635,30.88052015071823,6.470168550108124,0
2022-07-08,480.6400146484375,483.2099914550781,478.6099853515625,480.42999267578125,478.7491455078125,380900,56.51150939820598,77.37362581538562,68.71280763173641,4.712503742425042,2.8589085941396717,1.8535951482853705,10,21,60,53,-60,-53,480.74998982747394,472.8191714854401,7.292735004667193,72.49971683653462,40.54605489498165,40.54605489498165,33.79441928578568,6.751635609195972,0
2022-07-11,478.6199951171875,481.7699890136719,472.6000061035156,475.510009765625,473.84637451171875,497200,53.857253347888864,71.52086965222506,69.91852634532401,4.612645794989476,3.2096560343096323,1.4029897606798434,10,21,60,53,-60,-53,476.6266682942708,473.51144363250023,6.533187669595082,31.788715497118222,39.74993313153952,39.74993313153952,37.22968570834711,2.5202474231924086,0
2022-07-12,476.67999267578125,478.4100036621094,467.4800109863281,468.8800048828125,467.23956298828125,534800,50.42050274258173,54.63008977648267,67.84152841469778,3.9529544689396516,3.3583157212356363,0.5946387477040154,10,21,60,53,-60,-53,471.5900065104167,473.16209142848504,5.631168987499314,-18.611705924154673,34.44432958102187,34.44432958102187,38.02275157709234,-3.5784219960704746,0
2022-07-13,464.9700012207031,476.9100036621094,464.0,465.20001220703125,463.57244873046875,531500,48.56794672283996,30.722266319322742,52.291075249343486,3.0974937069415773,3.3061513183768243,-0.20865761143524697,10,21,60,53,-60,-53,468.7033386230469,472.3514091002236,5.270605621986112,-46.1435963760841,27.118154494012234,27.118154494012234,35.464618025388816,-8.346463531376582,0
2022-07-14,458.8900146484375,461.75,454.739990234375,458.989990234375,457.3841552734375,571400,45.52794984288313,14.413739595857047,33.25536523055415,1.8965754744298806,3.0242361495874355,-1.1276606751575549,10,21,60,53,-60,-53,458.4933268229167,469.83175777707686,6.373846591472305,-118.5932836782327,13.87166011471724,13.87166011471724,28.796019330322714,-14.924359215605474,0
2022-07-15,463.0,463.17999267578125,455.010009765625,461.20001220703125,459.5864562988281,1451900,46.8040653219019,14.69228259108118,19.942762835420318,1.1103697747032015,2.6414628746105886,-1.531093099907387,10,21,60,53,-60,-53,459.7966715494792,468.00719664478635,6.707788137624098,-81.60191235273902,5.19224443585758,5.19224443585758,20.156597156402228,-14.964352720544648,0
2022-07-18,463.0,464.3900146484375,448.20001220703125,449.260009765625,447.688232421875,706200,41.18973727747991,14.112070673069354,14.406030953335856,-0.4707359657043071,2.0190231065476096,-2.4897590722519167,10,21,60,53,-60,-53,453.95001220703125,465.45134492883085,7.5793416983832795,-101.1638669028728,-4.476492958572454,-4.476492958572454,10.426391521503646,-14.9028844800761,0
2022-07-19,444.1000061035156,458.260009765625,443.1300048828125,457.3900146484375,455.789794921875,751300,45.94446298676716,23.207525572980853,17.33729294571046,-1.0555821139393515,1.4041020624502174,-2.459684176389569,10,21,60,53,-60,-53,452.9266764322917,463.17413247491464,8.064453397335948,-84.71296224497293,-11.770717439154316,-11.770717439154316,0.7041735382120087,-12.474890977366325,0
2022-07-20,458.0,460.7699890136719,452.1400146484375,456.07000732421875,454.4743957519531,593900,45.30402169712014,35.52952729218979,24.283041179413328,-1.6070652119079796,0.8018686075785779,-2.4089338194865575,10,21,60,53,-60,-53,456.32667032877606,461.9291393574349,7.616819875758293,-49.03594168383028,-15.158465097761223,-15.158465097761223,-6.553357764907608,-8.605107332853615,0
2022-07-21,454.32000732421875,455.1400146484375,448.79998779296875,453.79998779296875,452.2123107910156,528500,44.16389926501213,51.08928678391059,36.60877988302707,-2.201908909824681,0.20111310409792615,-2.403022013922607,10,21,60,53,-60,-53,452.5799967447917,460.22929524604524,7.622725080393795,-66.89907192488688,-19.86215662749992,-19.86215662749992,-12.816958030746983,-7.045198596752938,0
2022-07-22,457.3699951171875,463.260009765625,450.010009765625,451.8500061035156,450.2691650390625,864700,43.15911485966776,50.68982709584566,45.76954705731534,-2.7984156579513524,-0.3987926483119296,-2.3996230096394227,10,21,60,53,-60,-53,455.0400085449219,459.28578857311373,7.008735070902533,-40.3856043945185,-21.727924606319792,-21.727924606319792,-17.129815942683816,-4.598108663635976,0
2022-07-25,451.8900146484375,459.739990234375,451.1099853515625,453.32000732421875,451.7340087890625,826500,44.18995120625668,47.274995425537206,49.684703101764484,-3.1166084184167744,-0.9423558023328986,-2.1742526160838755,10,21,60,53,-60,-53,454.72332763671875,458.4562502210419,6.413132800615372,-38.804982425697425,-23.280384408081396,-23.280384408081396,-20.007232684915586,-3.2731517231658103,0
2022-07-26,453.1499938964844,455.1099853515625,444.30999755859375,444.6499938964844,443.0943298339844,702500,39.6254827033388,31.143705910136052,43.03617614383964,-4.022012838447779,-1.5582872095558746,-2.463725628891904,10,21,60,53,-60,-53,448.02332560221356,456.5593548358004,6.799113970246544,-83.69746676739696,-28.77284644074645,-28.77284644074645,-23.410828020661892,-5.362018420084556,0
2022-07-27,445.5799865722656,447.6700134277344,441.3999938964844,445.80999755859375,444.2502746582031,744600,40.51086055318361,24.196324649394214,34.205008661689156,-4.59300446698245,-2.1652306610411896,-2.42777380594126,10,21,60,53,-60,-53,444.9600016276042,454.45038152521926,7.288435047949912,-86.80766021950095,-34.0487386024514,-34.0487386024514,-26.957473514399766,-7.091265088051635,0
2022-07-28,438.3900146484375,455.8800048828125,433.8699951171875,454.4599914550781,452.8700256347656,1016600,46.778489808556046,30.675268596155007,28.671766385228427,-4.297992646120747,-2.591783058057101,-1.706209588063646,10,21,60,53,-60,-53,448.0699971516927,453.2903116391235,6.9124131278555305,-50.347246235366285,-35.53042111453457,-35.53042111453457,-30.40809764145346,-5.12232347308111,0
2022-07-29,457.7200012207031,479.79998779296875,456.05999755859375,478.8999938964844,477.2245178222656,1199000,59.69836695699009,62.75738013417216,39.20965779324047,-2.0682482310756427,-2.4870760926608093,0.4188278615851666,10,21,60,53,-60,-53,471.58665974934894,456.61692038643724,8.377381534229379,119.12822880471994,-21.470543849147795,-21.470543849147795,-29.955637501720055,8.48509365257226,0
2022-08-01,481.3699951171875,488.1700134277344,472.2200012207031,475.6300048828125,473.9659729003906,933400,57.6807809640887,81.66812473610099,58.36692448880939,-0.5585815225887245,-2.101377178646392,1.5427956560576677,10,21,60,53,-60,-53,478.67333984375,460.62717846958503,10.135341505126759,118.70122228597612,-8.727656018681985,-8.727656018681985,-24.94433989620394,16.21668387752195,0
2022-08-02,481.8399963378906,488.3599853515625,472.20001220703125,481.04998779296875,479.3669738769531,687400,60.08849034694853,87.17709176615556,77.20086554547623,1.0629346950996705,-1.4685148038971796,2.5314494989968503,10,21,60,53,-60,-53,480.5366617838542,464.2470845267249,11.254293460036308,96.4940021333377,0.8379492678652589,0.8379492678652589,-16.222667928624777,17.060617196490035,0
2022-08-03,480.0,484.1099853515625,471.0199890136719,481.75,480.0645446777344,845000,60.40184328450115,83.78670814870252,84.21064155031968,2.3770815978938913,-0.6993955235389653,3.0764771214328563,10,21,60,53,-60,-53,478.9599914550781,466.9221585136982,11.396755183916964,70.4167267911931,7.163292679076881,7.163292679076881,-5.549239480221914,12.712532159298796,0
2022-08-04,482.0,486.1499938964844,477.5199890136719,478.0400085449219,476.3675231933594,654900,57.8112458961343,80.83455012729804,83.93278334738535,3.083640888875834,0.05721175894399466,3.0264291299318398,10,21,60,53,-60,-53,480.5699971516927,469.4035837206063,11.354874865220491,65.56017313344202,12.472099993110076,12.472099993110076,2.936421480342554,9.535678512767522,0
2022-08-05,475.67999267578125,478.3800048828125,469.3900146484375,477.5899963378906,475.9190979003906,522300,57.48915995945527,66.38169021578247,77.00098283059432,3.5661733665614292,0.7590040804674817,2.8071692860939477,10,21,60,53,-60,-53,475.12000528971356,470.4429330968076,10.140728924799664,30.747771207833154,14.133524648993992,14.133524648993992,8.651716647261548,5.481808001732444,0
2022-08-08,478.95001220703125,480.0799865722656,465.7799987792969,470.04998779296875,468.40545654296875,614100,52.23774780850996,43.39540500248949,63.53721511518999,3.3021035621154624,1.2676239767970778,2.0344795853183846,10,21,60,53,-60,-53,471.96999104817706,470.72057999705663,8.524125675039803,9.771567577727739,13.736983097060696,13.736983097060696,11.876475104560408,1.8605079925002883,0
2022-08-09,473.989990234375,482.17999267578125,473.010009765625,473.7300109863281,472.0726013183594,667500,54.425871727318246,33.72155709377489,47.83288410401561,3.3511435591040026,1.6843278932584629,1.6668156658455398,10,21,60,53,-60,-53,476.3066711425781,471.736232932606,7.805273408663859,39.037182262775666,16.037001203034784,16.037001203034784,14.094902235549883,1.9420989674849007,0
2022-08-10,474.489990234375,475.0,469.54998779296875,473.1400146484375,471.48468017578125,711100,53.998747461008925,31.356735698083572,36.15789926478264,3.3043103040455435,2.008324375415879,1.2959859286296647,10,21,60,53,-60,-53,472.56333414713544,471.8866149716114,6.5091726390020765,6.930928737591491,15.209176433449029,15.209176433449029,14.779171345634621,0.4300050878144077,0
2022-08-11,474.0,474.260009765625,467.82000732421875,470.30999755859375,468.66455078125,690400,51.894975843284165,34.26055275292961,33.11294851492935,3.004205275917741,2.2075005555162512,0.7967047204014897,10,21,60,53,-60,-53,470.7966715494792,471.68844344031464,5.487827048426327,-10.83333327825603,12.841675550566752,12.841675550566752,14.45620907102781,-1.614533520461059,0
2022-08-12,470.5199890136719,479.760009765625,469.2200012207031,479.5799865722656,477.9021301269531,701600,57.70736277085272,49.2999683322383,38.305752261083825,3.4743305994048796,2.460866564293977,1.0134640351109026,10,21,60,53,-60,-53,476.18666585286456,472.50630206077824,5.159197365455418,47.55731730325652,15.997642982629458,15.997642982629458,15.021374042420002,0.9762689402094562,0
2022-08-15,477.9700012207031,489.4200134277344,475.0899963378906,486.8699951171875,485.1666259765625,586100,61.63337115207672,66.65420513736998,50.071575407512626,4.384608037636099,2.8456148589624015,1.5389931786736972,10,21,60,53,-60,-53,483.7933349609375,474.5584898608072,5.900224226305399,104.34456664610511,24.02918149749088,24.02918149749088,17.019419116034026,7.009762381456856,0
2022-08-16,485.3299865722656,488.6000061035156,483.2300109863281,485.5,483.8014221191406,500800,60.49680540773177,84.73081872350836,66.89499739770554,4.93853396379501,3.2641986799289233,1.6743352838660863,10,21,60,53,-60,-53,485.77667236328125,476.59815940671155,6.4962767227170914,94.19254903836422,30.407669455752092,30.407669455752092,20.81904237160979,9.588627084142303,0
2022-08-17,482.7200012207031,496.29998779296875,482.6300048828125,492.510009765625,490.7868957519531,852000,64.14069183966573,85.5795471930835,78.9881903513206,5.8754449816754,3.7864479402782187,2.0889970413971817,10,21,60,53,-60,-53,490.48000081380206,479.1221305716371,7.380202817162156,102.59763427054696,36.97039352982436,36.97039352982436,26.85122186642419,10.119171663400166,0
2022-08-18,493.989990234375,497.20001220703125,490.42999267578125,492.8800048828125,491.1556091308594,592000,64.32772794025837,84.36821958052957,84.8928618323738,6.572050717492118,4.343568495720999,2.2284822217711193,10,21,60,53,-60,-53,493.5033365885417,481.7368953019834,8.177700720688726,95.92297956311384,42.329719532850675,42.329719532850675,33.434241003979494,8.89547852887118,0
2022-08-19,492.1300048828125,493.239990234375,487.8399963378906,490.75,489.0330505371094,606600,62.31275249445546,80.69350314584285,83.54708997315196,6.873014357836553,4.84945766814411,2.023556689692443,10,21,60,53,-60,-53,490.60999552408856,483.35018625145705,8.010811366496506,60.41676213551521,43.9739961330929,43.9739961330929,38.42044466288,5.553551470212902,0
2022-08-22,488.0,493.1400146484375,483.739990234375,484.19000244140625,482.4960021972656,607700,56.448266939815895,55.364978531881526,73.47556708608462,6.507182483257395,5.181002631166767,1.326179852090628,10,21,60,53,-60,-53,487.02333577473956,484.0180316193266,7.100719146299495,28.21596041652714,42.541447431586924,42.541447431586924,41.45388915683871,1.0875582747482113,0
2022-08-23,482.8399963378906,485.6199951171875,479.6700134277344,482.8800048828125,481.1905822753906,451500,55.328434966769244,33.28199133757727,56.446824338433856,6.0419049132206055,5.353183087577535,0.6887218256430705,10,21,60,53,-60,-53,482.7233378092448,483.7826327447663,6.002278380703498,-11.76547602242725,37.60445439031291,37.60445439031291,41.61240437196085,-4.00794998164794,0
2022-08-24,485.20001220703125,490.29998779296875,484.5799865722656,488.8900146484375,487.1795654296875,612600,59.316062646693105,27.20462987104143,38.61719991350005,6.087948565712054,5.500136183204439,0.5878123825076154,10,21,60,53,-60,-53,487.92332967122394,484.535486731395,5.526926482362669,40.86470060879956,37.900840410175334,37.900840410175334,40.505184591292014,-2.60434418111668,0
2022-08-25,488.989990234375,494.6000061035156,486.7799987792969,494.4800109863281,492.7500305175781,375300,62.65520223860682,56.70108705760443,39.062569422074354,6.500569954980563,5.700222937559664,0.8003470174208989,10,21,60,53,-60,-53,491.9533386230469,485.8841870753317,5.6255128578813105,71.92412734674609,40.99386649531813,40.99386649531813,39.760152181848326,1.2337143134698039,0
2022-08-26,493.3699951171875,496.75,484.7099914550781,485.1300048828125,485.1300048828125,448500,54.58523394424941,61.253010267187555,48.38624239861111,6.003898819169933,5.760958113881718,0.24294070528821532,10,21,60,53,-60,-53,488.8633321126302,486.42584980938597,5.045870938856385,32.20431560485194,40.194816414366656,40.194816414366656,39.17349442754326,1.021321986823395,0
2022-08-29,480.04998779296875,489.1700134277344,477.1000061035156,485.80999755859375,485.80999755859375,499500,55.038788693993,58.49637990622521,58.816825743672375,5.600592942523974,5.728885079610169,-0.1282921370861949,10,21,60,53,-60,-53,484.02667236328125,485.989635728276,4.485342289063365,-29.17597273502897,33.888381037148875,33.888381037148875,38.24447608925225,-4.356095052103377,0
2022-08-30,486.6000061035156,486.75,478.6400146484375,480.92999267578125,480.92999267578125,573700,51.09501594296321,31.92796337089546,50.559117848102716,4.831499995041156,5.549408062696367,-0.7179080676552108,10,21,60,53,-60,-53,482.10666910807294,485.28364179733,4.2474569072804025,-49.864703493699864,26.274464261617172,26.274464261617172,35.33788205211271,-9.063417790495539,0
2022-08-31,481.1300048828125,482.5899963378906,476.9700012207031,477.989990234375,477.989990234375,725100,48.8251574415519,22.99112354480854,37.80515560730971,3.93934435715704,5.227395321588501,-1.288050964431461,10,21,60,53,-60,-53,479.18332926432294,484.174494064056,4.382676524089973,-75.92262813676271,16.983819498128092,16.983819498128092,29.3353703028152,-12.351550804687108,0
2022-09-01,475.9599914550781,481.44000244140625,475.0,480.32000732421875,480.32000732421875,564100,50.69459463275767,16.369168131978494,23.762751682560804,3.3813395157578157,4.858184160422364,-1.4768446446645482,10,21,60,53,-60,-53,478.9200032552083,483.219132098811,4.367486036728644,-65.62324118801023,9.474086708479154,9.474086708479154,21.655187876343323,-12.181101167864169,0
2022-09-02,483.989990234375,485.3699951171875,474.739990234375,476.95001220703125,476.95001220703125,512100,47.965383507172355,14.977305166060951,18.112532280949303,2.6367909324840753,4.413905514834706,-1.777114582350631,10,21,60,53,-60,-53,479.01999918619794,482.45565338742676,4.198062066637768,-54.55936805591264,3.6528635480799005,3.6528635480799005,14.09630850407608,-10.443444955996178,0
2022-09-06,476.79998779296875,484.19000244140625,476.7200012207031,479.739990234375,479.739990234375,569300,50.348598303318525,27.135728754180594,19.494067350739986,2.2459685981120288,3.9803181314901708,-1.734349533378142,10,21,60,53,-60,-53,480.21666463216144,482.0485645228331,3.767850761916656,-32.412817570297236,0.37416526459107,0.37416526459107,7.621233754819554,-7.247068490228484,0
2022-09-07,477.79998779296875,488.2200012207031,475.9700012207031,487.7799987792969,487.7799987792969,512300,56.527681492852636,51.22775735549978,31.11359709191375,2.555541882764601,3.695362881745057,-1.139820998980456,10,21,60,53,-60,-53,483.99000040690106,482.4015528653909,3.3715956309336574,31.40842329838336,3.1954614494812783,3.1954614494812783,4.17414424265785,-0.978682793176572,0
2022-09-08,487.07000732421875,489.82000732421875,481.29998779296875,489.7300109863281,489.7300109863281,584900,57.89628744333497,79.25701236060212,52.54016615676081,2.9245185994178087,3.5411940252796072,-0.6166754258617986,10,21,60,53,-60,-53,486.9500020345052,483.22854362341167,3.4352070455081782,72.22191388162258,9.470593488766852,9.470593488766852,4.173270937729775,5.297322551037077,0
2022-09-09,489.4700012207031,495.3800048828125,486.2699890136719,491.4100036621094,491.4100036621094,704600,59.09120261435189,92.30153639695281,74.26210203768488,3.314291584044156,3.495813537032517,-0.18152195298836116,10,21,60,53,-60,-53,491.01999918619794,484.64517190755464,3.969683451532745,107.05853260888924,18.342224317868887,18.342224317868887,7.845611130177022,10.496613187691864,0
